Workbook

Sheet Gestion Exigences
B2: Gestion Exigences Projet | N2: Chiffrage Réalisation (SF only) | Q2: Revue et Vérification Pendant la Conception
B4: BU
B5: Client | D5: SM SYSTEM
B6: Projet | D6: Digitalisation usine SM System
B7: Réf BPA du Devis | D7: S0-00xyz | G7: Zone de saisie
B8: Réf BPA du Projet | D8: PR-22-0xyz
B10: Réf Modèle Document | D10: MD203 | I10: Confidentiel | Usage Client Limité
B11: Version Modèle Document | D11: V1.5
B13: ID | C13: Intitulé Exigence | D13: Nature | E13: Catégorie | F13: Exigence idenfiée pendant la phase | G13: Description de l'exigence | H13: Source | I13: Desciption de la solution ADDIXO | J13: Ecart entre exigence client et la solution proposée - préciser aussi les limites et hypothèses si applicable | K13: Validation Interne | L13: Validation Interne par: | M13: Statut Client | N13: HJ Dev | O13: HJ Analyse et Test | P13: Total HJ | Q13: Description comment la conception de la solution prend en compte l'exigence client | R13: Conception réalisée par: | S13: Revue conception réalisée par | T13: Vérification de la conception réalisée par | U13: Preuve de vérification | V13: Notes
B14: E001 | C14: Configuration | D14: Fonctionnelle | E14: SF-Processus | F14: Commerciale | G14: Configuration des données de l'usine | H14: Workshop/réunion client | I14: La solution offre un Module Core permettant la modélisation, gestion et planification del'usine: • Modélisation hiérarchique de l'usine: Ateliers, lignes, postes, machines, • Gestion des produits • Gestion des incidents et défauts • Gestion des utilisateurs et des autorisations: Rôles et accès contrôlés. • Gestion des équipes • Planification des lignes et des équipes • Configuration des outillages • etc | J14: RAS | N14: 0 | O14: =Tableau3[[#This Row],[HJ Dev]]*(25%+25%) -> 0 | P14: =Tableau3[[#This Row],[HJ Analyse et Test]]+Tableau3[[#This Row],[HJ Dev]] -> 0 | Q14: N/A | R14: N/A | S14: N/A | T14: N/A | U14: N/A
B15: E002 | C15: Gestion de la gamme opératoire des produits | D15: Fonctionnelle | E15: SF-Processus | F15: Commerciale | G15: Configuration de la gamme opérateur des produits | H15: Workshop/réunion client | I15: Au niveau de la gestion des produits , la solution permet de configurer des gammes opératoires détaillées de chaque produit. | J15: RAS | N15: 0.5 | O15: =Tableau3[[#This Row],[HJ Dev]]*(25%+25%) -> 0.25 | P15: =Tableau3[[#This Row],[HJ Analyse et Test]]+Tableau3[[#This Row],[HJ Dev]] -> 0.75
B16: E003 | C16: Chargement des fichiers CSV | D16: Fonctionnelle | E16: SF-Processus | F16: Commerciale | G16: Chargement des données de l'usine en utilisation des fichies CSV | H16: Workshop/réunion client | I16: La solution comprend un module "Intégartion SI" permettant l'intégration automatisée de données: Chargement automatique de données depuis des fichiers CSV . En supportant les entités produits, utilisateurs et outillages, avec une gestion détaillée des erreurs d'intégration. | J16: RAS | N16: 0 | O16: =Tableau3[[#This Row],[HJ Dev]]*(25%+25%) -> 0 | P16: =Tableau3[[#This Row],[HJ Analyse et Test]]+Tableau3[[#This Row],[HJ Dev]] -> 0
B17: E004 | C17: Gestion des commandes clients | D17: Fonctionnelle | E17: SF-Processus | F17: Commerciale | G17: Gestion des commandes clients | H17: Workshop/réunion client | I17: la solution permet d'enregistrer les commandes clients , de les découper en Ordres de Fabrication en fonction des quantités demandées, et de suivre la progression de chaque commande tout au long du processus de production. | J17: RAS | N17: 0 | O17: =Tableau3[[#This Row],[HJ Dev]]*(25%+25%) -> 0 | P17: =Tableau3[[#This Row],[HJ Analyse et Test]]+Tableau3[[#This Row],[HJ Dev]] -> 0
B18: E005 | C18: Gestion des ordres de fabrication | D18: Fonctionnelle | E18: SF-Processus | F18: Commerciale | G18: Gestion des ordres de fabrications selon les commandes clients | H18: Workshop/réunion client | I18: La solution offre une interface "Gestion des OF" sous le module "Production" permettant : • Ajout manuel des Ordres de fabrication en spécifiant les informations associées nécessaires : Atelier , ligne , commande , produit , temps de cycle , quantité objectif , temps de changement de série , matière . •Gestion centralisée des OF: Gestion et suivi des différents statuts des OF (planifié, lancé, suspendu, changement de série, etc.) Impression étiquette OF avec les informations pértinantes Mise à jour en temps réel des statuts Workflow de validation des changements de statut paramétrables •Planification et ajustement : Planification initiale des OF en fonction des données saisies Ajustement de la planification en cas d'aléas | J18: RAS | N18: 1 | O18: =Tableau3[[#This Row],[HJ Dev]]*(25%+25%) -> 0.5 | P18: =Tableau3[[#This Row],[HJ Analyse et Test]]+Tableau3[[#This Row],[HJ Dev]] -> 1.5
B19: E006 | C19: Gestion des opérations | D19: Fonctionnelle | E19: SF-Processus | F19: Commerciale | G19: gestion des opérations au niveau des ordres de fabrication | H19: Workshop/réunion client | I19: Intégration d'un paramètre système 'Gestion par opération' : lorsqu'activé, ce paramètre permet d'afficher la gamme opératoire détaillée de chaque produit au niveau de l'ordre de fabrication | J19: RAS | N19: 0.5 | O19: =Tableau3[[#This Row],[HJ Dev]]*(25%+25%) -> 0.25 | P19: =Tableau3[[#This Row],[HJ Analyse et Test]]+Tableau3[[#This Row],[HJ Dev]] -> 0.75
B20: E007 | C20: Déclaration des quantité produites par opération | D20: Fonctionnelle | E20: SF-Processus | F20: Commerciale | G20: Déclaration des quantité produites par opération | H20: Workshop/réunion client | I20: Lorque le paramètre système gestion des opération ets activé la solution permet à partir de l'interface "Comptage" de déclarer des quantités produites par opération et par OF .Les opérateurs peuvent saisir les quantités conformes et non-conformes (en précisant les défauts) à la fin de chaque étape. Un simple clic valide les données et lance l'opération suivante. | J20: RAS | N20: 1.5 | O20: =Tableau3[[#This Row],[HJ Dev]]*(25%+25%) -> 0.75 | P20: =Tableau3[[#This Row],[HJ Analyse et Test]]+Tableau3[[#This Row],[HJ Dev]] -> 2.25
B21: E008 | C21: Historique production | D21: Fonctionnelle | E21: SF-Processus | F21: Commerciale | G21: Historisation de détails de production par OF | H21: Workshop/réunion client | I21: La solution offre une historisation complète de détails de prodution / qualité par OF . | J21: RAS | N21: 0 | O21: =Tableau3[[#This Row],[HJ Dev]]*(25%+25%) -> 0 | P21: =Tableau3[[#This Row],[HJ Analyse et Test]]+Tableau3[[#This Row],[HJ Dev]] -> 0
B22: E009 | C22: Compte Rendu OF | D22: Fonctionnelle | E22: SF-Processus | F22: Commerciale | G22: Compte rendu complet de l'OF en terme de production ,qualité et Maintenance | H22: Workshop/réunion client | I22: La solution offre une interface" Résumé OF" qyu présente une synthèse complète des données de production, qualité, et maintenance par ordre de fabrication (OF). | J22: RAS | N22: 0 | O22: =Tableau3[[#This Row],[HJ Dev]]*(25%+25%) -> 0 | P22: =Tableau3[[#This Row],[HJ Analyse et Test]]+Tableau3[[#This Row],[HJ Dev]] -> 0
B23: E010 | C23: Suivi qualité produits | D23: Fonctionnelle | E23: SF-Processus | F23: Commerciale | G23: Déclaration des défauts et suivi de la qualité produit | H23: Workshop/réunion client | I23: L'interface 'Détails Qualité' centralise et archive toutes les non-conformités détectées, avec des informations précises sur la quantité, le défaut et son origine. Les données peuvent être modifiées si nécessaire avant validation. | J23: RAS | N23: 0 | O23: =Tableau3[[#This Row],[HJ Dev]]*(25%+25%) -> 0 | P23: =Tableau3[[#This Row],[HJ Analyse et Test]]+Tableau3[[#This Row],[HJ Dev]] -> 0
B24: E011 | C24: Fiches de contrôle qualité | D24: Fonctionnelle | E24: SF-Processus | F24: Commerciale | G24: Gérer les gammes de contrôles et générer des fiches de qualité selon le status de l'OF | H24: Workshop/réunion client | I24: la solution permet la génération automatique de fiches de contrôle qualité au début et à la fin de chaque série de production. Ces fiches, contenant une liste de vérifications de l agamme de controle du produit et de réglages des machines, sont complétées et validées par les responsables concernées | J24: RAS | N24: 0 | O24: =Tableau3[[#This Row],[HJ Dev]]*(25%+25%) -> 0 | P24: =Tableau3[[#This Row],[HJ Analyse et Test]]+Tableau3[[#This Row],[HJ Dev]] -> 0
B25: E012 | C25: Gestion de la maintenance curative et préventive | D25: Fonctionnelle | E25: SF-Processus | F25: Commerciale | G25: Gestion de la maintenace curative et préventive | H25: Workshop/réunion client | I25: La solution offre un module de "Gestion de la maintenance" permettant: - la gestion des demandes et des fiches d'intervention spécifiant les actions à mener suite à une panne des équipements - La planification , la gestion et le suivi des ordres de maintenance | J25: RAS | N25: 0 | O25: =Tableau3[[#This Row],[HJ Dev]]*(25%+25%) -> 0 | P25: =Tableau3[[#This Row],[HJ Analyse et Test]]+Tableau3[[#This Row],[HJ Dev]] -> 0
B26: E013 | C26: Instruction de travails | D26: Fonctionnelle | E26: SF-Processus | F26: Commerciale | G26: Centraliser et diffuser les documents techniques relatifs aux processus de production et de qualité. | H26: Workshop/réunion client | I26: "La solution offre un module ""Instruction de travail"" qui permet : • Chargement : Importation des fichiers d'instructions. • Catégorisation : Classification par qualité, maintenance, et production. • Affectation : Attribution des instructions par ligne et produit. • Gestion des Versions : Centralisation et gestion du versionnage des documents. • Accessibilité : Accès en temps réel aux instructions pour les opérateurs et l'équipe qualité. | J26: RAS | N26: 0 | O26: =Tableau3[[#This Row],[HJ Dev]]*(25%+25%) -> 0 | P26: =Tableau3[[#This Row],[HJ Analyse et Test]]+Tableau3[[#This Row],[HJ Dev]] -> 0
P27: =SUBTOTAL(109,Tableau3[Total HJ]) -> 5.25
C30: Gestion des instructions de travail
C31: Suivi matières dans l'usine
C32: Suivi des arrêts
C33: Gestion de l'énergie
C34: Gestion des équipes
C35: Gestion 5S/6S
C36: Gesiton SPC
C37: Intégration avec ERP

Sheet Modifs Doc
B3: Gestion Exigences Projet
B5: ='Gestion Exigences'!B5 -> Client | D5: ='Gestion Exigences'!D5 -> SM SYSTEM
B6: ='Gestion Exigences'!B6 -> Projet | D6: ='Gestion Exigences'!D6 -> Digitalisation usine SM System
B7: ='Gestion Exigences'!B7 -> Réf BPA du Devis | D7: ='Gestion Exigences'!D7 -> S0-00xyz
B8: ='Gestion Exigences'!B8 -> Réf BPA du Projet | D8: ='Gestion Exigences'!D8 -> PR-22-0xyz
B10: ='Gestion Exigences'!B10 -> Réf Modèle Document | C10: ='Gestion Exigences'!D10 -> MD203
B11: ='Gestion Exigences'!B11 -> Version Modèle Document | C11: ='Gestion Exigences'!D11 -> V1.5
B13: Version | C13: Date | D13: Modifications | E13: Auteur(s) | F13: Vérificateur(s) | G13: Approbateur
B14: V1.0 | C14: 45342 | D14: Version initiale | E14: Nihel K. | F14: Mahdi B. + Ferjania BA | G14: Imed A.

Sheet Params
B2: BU | C2: Nature | D2: Exigence identifiée pendant la phase | E2: Source | F2: Oui/Non | G2: Statut Client | H2: Statut Interne | I2: Catégorie
B3: SE | C3: Fonctionnelle | D3: Commerciale | E3: CdC client | F3: Oui | G3: Validée par le client | H3: Validée | I3: *** SE
B4: SE-TN | C4: Performance | D4: Conception | E4: Workshop/réunion client | F4: Non | G4: Non validée par client | H4: Non validée | I4: SE-Processus
B5: SE-MA | C5: Reglementaire | D5: Réalisation | E5: Workshop/réunion Interne | F5: N/A | G5: N/A | H5: N/A | I5: SE-Mécanique
B6: SF | C6: Sécurité | D6: Mise en œuvre | E6: Standards client | I6: SE-Electrique
B7: R&D | C7: Standard Client | D7: Support et maintenance | E7: Standards ADDIXO | I7: SE-Soft
B8: LOOYAS | C8: Standard ADDIXO | E8: Reglementation | I8: SE-Auto
B9: A définir | E9: Demande modification | I9: SE-Fabrication
I10: SE-Intégration
I11: SE-Achats
I13: *** SF
I14: SF-Processus
I15: SF-Fonctionnelle
I16: SF-Connectivité Machine
I17: SF-Intégration SI
I18: SF-Software
I19: SF-Infra IT
I21: *** TC
I22: TC-Prestations sur site client
