Workbook

Sheet Gestion Exigences Détaillée
B2: Gestion Exigences Projet | H2: Chiffrage Réalisation (SF only)
B4: BU | C4: SF
B5: Client | C5: Hydrex International
B6: Projet | C6: Application Mobile Spiromètre Connecté
B7: Réf BPA du Devis | D7: Zone de saisie
B8: Réf BPA du Projet
B10: Réf Modèle Document | E10: Confidentiel | Usage Client Limité
B11: Version Modèle Document
B13: ID | C13: Intitulé Exigence | D13: Description de l'exigence | E13: Description de la solution MOMsoft | F13: Ecart entre exigence client et la solution proposée - préciser aussi les limites et hypothèses si applicable | G13: MVP | H13: HJ Dev | I13: HJ Fonc | J13: HJ Total | K13: Notes
B14: E001 | C14: Accés Admin | D14: Gérer les utilisateurs | E14: -Créer, modifier et supprimer des utilisateurs, | G14: Non | H14: 4 | I14: =Tableau32[[#This Row],[HJ Dev]]*0.5 -> 2 | J14: =Tableau32[[#This Row],[HJ Dev]]+Tableau32[[#This Row],[HJ Fonc]] -> 6
B15: E002 | C15: Accés Admin | D15: Consulter Historique utilisation | E15: -Consulter l’historique d’utilisation : savoir l’application a été utilisée, par quel utilisateur, sur quel type de spiromètre et à quel endroit, | G15: Non | H15: 4 | I15: =Tableau32[[#This Row],[HJ Dev]]*0.5 -> 2 | J15: =Tableau32[[#This Row],[HJ Dev]]+Tableau32[[#This Row],[HJ Fonc]] -> 6
B16: E003 | C16: Connexion et identification MVP | D16: Création de compte patient (Nom, Prénom, Date de naissance, Email, mot de passe). | E16: - La solution propose la création d’un compte patient via un formulaire d’inscription comprenant les champs obligatoires : Nom, Prénom, Date de naissance, Email et mot de passe. Une validation de l’adresse email est effectuée afin de sécuriser l’activation du compte. Les mots de passe sont stockés de manière chiffrée (hash + salt). | F16: - Le patient fournit un email valide et accepte les CGU et consentements RGPD. | G16: Oui | H16: 3 | I16: =Tableau32[[#This Row],[HJ Dev]]*0.5 -> 1.5 | J16: =Tableau32[[#This Row],[HJ Dev]]+Tableau32[[#This Row],[HJ Fonc]] -> 4.5
B17: E004 | C17: Connexion et identification | D17: Paramètrage de l'authentification biomètrique. | E17: - La solution permet d’activer une authentification biométrique (empreinte digitale ou reconnaissance faciale) après la première connexion, en s’appuyant sur les mécanismes natifs du smartphone. | G17: Non | H17: 3 | I17: =Tableau32[[#This Row],[HJ Dev]]*0.5 -> 1.5 | J17: =Tableau32[[#This Row],[HJ Dev]]+Tableau32[[#This Row],[HJ Fonc]] -> 4.5
B18: E003 | C18: Connexion et identification Final | D18: Création de compte patient (Nom, Prénom, Date de naissance, Email, mot de passe). | E18: - La solution propose la création d’un compte patient via un formulaire d’inscription comprenant les champs obligatoires : Nom, Prénom, Date de naissance, Email et mot de passe. Une validation de l’adresse email est effectuée afin de sécuriser l’activation du compte. Les mots de passe sont stockés de manière chiffrée (hash + salt). | F18: - Le patient fournit un email valide et accepte les CGU et consentements RGPD. | G18: Non | H18: 2 | I18: =Tableau32[[#This Row],[HJ Dev]]*0.5 -> 1 | J18: =Tableau32[[#This Row],[HJ Dev]]+Tableau32[[#This Row],[HJ Fonc]] -> 3
B19: E005 | C19: Connexion et identification | D19: Questionnaire de configuration médicale (taille, poids, pathologie). | E19: - La solution propose un questionnaire médical de configuration lors de la première utilisation, afin de recueillir les informations de base (taille, poids, pathologie). Ces données sont stockées de façon sécurisée et peuvent être mises à jour ultérieurement. | G19: Non | H19: 2 | I19: =Tableau32[[#This Row],[HJ Dev]]*0.5 -> 1 | J19: =Tableau32[[#This Row],[HJ Dev]]+Tableau32[[#This Row],[HJ Fonc]] -> 3
B20: E005 | C20: Connexion et identification | D20: Questionnaire de configuration médicale (taille, poids, pathologie). | E20: - La solution propose un questionnaire médical de configuration lors de la première utilisation, afin de recueillir les informations de base (taille, poids, pathologie). Ces données sont stockées de façon sécurisée et peuvent être mises à jour ultérieurement. | G20: Oui | H20: 2 | I20: =Tableau32[[#This Row],[HJ Dev]]*0.5 -> 1 | J20: =Tableau32[[#This Row],[HJ Dev]]+Tableau32[[#This Row],[HJ Fonc]] -> 3
B21: E006 | C21: Connexion et identification | D21: Ajout des coordonnées du médecin (email, téléphone, établissement). | E21: -La solution permet d’ajouter les coordonnées du médecin référent (nom, email, téléphone, établissement) afin de faciliter le partage des rapports. | G21: Non | H21: 3 | I21: =Tableau32[[#This Row],[HJ Dev]]*0.5 -> 1.5 | J21: =Tableau32[[#This Row],[HJ Dev]]+Tableau32[[#This Row],[HJ Fonc]] -> 4.5
B22: E007 | C22: Connexion et identification | D22: Accès sécurisé (conformes RGPD et norme santé : chiffrement des données locales et transmises). | E22: - La solution garantit un accès sécurisé : chiffrement des données en local (base sécurisée sur le smartphone) et lors des transmissions (TLS/SSL). Elle respecte le RGPD et prévoit l’utilisation d’un hébergeur certifié HDS pour les données de santé stockées dans le cloud. | G22: Non | H22: 2 | I22: =Tableau32[[#This Row],[HJ Dev]]*0.5 -> 1 | J22: =Tableau32[[#This Row],[HJ Dev]]+Tableau32[[#This Row],[HJ Fonc]] -> 3
B23: E008 | C23: Connexion au spiromètre | D23: Option 1 : Scan QR Code → associe un dispositif identifié au compte patient. | E23: - Scan un ou plusieurs QR Code : le patient scanne le QR code du spiromètre pour l’associer automatiquement le ou les appareils de à son compte. | G23: Oui | H23: 2 | I23: =Tableau32[[#This Row],[HJ Dev]]*0.5 -> 1 | J23: =Tableau32[[#This Row],[HJ Dev]]+Tableau32[[#This Row],[HJ Fonc]] -> 3
B24: E009 | C24: Connexion au spiromètre | D24: Option 2 : NFC → simple appairage du spiromètre compatible NFC en approchant le téléphone. | E24: - NFC : l’application permet un appairage rapide du spiromètre compatible NFC simplement en approchant le téléphone. | F24: La connexion NFC nécessite que le smartphone du patient soit compatible NFC. | G24: Non | I24: =Tableau32[[#This Row],[HJ Dev]]*0.5 -> 0 | J24: =Tableau32[[#This Row],[HJ Dev]]+Tableau32[[#This Row],[HJ Fonc]] -> 0
B25: E010 | C25: Connexion au spiromètre | D25: Option 3 : Bluetooth LE (fallback) en cas d'échec des autres méthodes. | E25: - Bluetooth LE : utilisé comme solution de secours si le QR code ou NFC échouent, l’application permet l’appairage manuel via Bluetooth Low Energy. | F25: Le Bluetooth LE peut nécessiter une étape supplémentaire de validation ou d’autorisation selon les versions d’OS. | G25: Non | I25: =Tableau32[[#This Row],[HJ Dev]]*0.5 -> 0 | J25: =Tableau32[[#This Row],[HJ Dev]]+Tableau32[[#This Row],[HJ Fonc]] -> 0
B26: E011 | C26: Enregistrement des données respiratoires | D26: Synchronisation automatique à chaque utilisation. Historisation des données : date, heure, type d'exercice, valeurs mesurées (VEMS, CVF, DEP selon dispositif). Validation automatique de la qualité des mesures. Stockage local + synchronisation cloud sécurisé. | E26: L’application permet de : - Synchronisation automatique : les données sont synchronisées à chaque utilisation du spiromètre. - Historisation des données : chaque enregistrement inclut la date, l’heure, le type d’exercice et les valeurs mesurées (VEMS, CVF, DEP selon le dispositif utilisé). - Validation automatique : l’application contrôle automatiquement la qualité des mesures pour garantir la fiabilité des données. - Stockage sécurisé : les données sont stockées localement sur le téléphone et synchronisées sur le cloud via un protocole sécurisé, garantissant confidentialité et accessibilité. | G26: Oui | H26: 2 | I26: =Tableau32[[#This Row],[HJ Dev]]*0.5 -> 1 | J26: =Tableau32[[#This Row],[HJ Dev]]+Tableau32[[#This Row],[HJ Fonc]] -> 3
B27: E012 | C27: Visualisation et suivi | D27: Tableaux de bord interactifs. Graphiques montrant l'évolution journalière, hebdomadaire, mensuelle. | E27: L’application offre des tableaux de bord interactifs permettant : - Visualisation centralisée des mesures : accès rapide à toutes les données respiratoires. - Graphiques d’évolution : affichage de l’évolution des valeurs respiratoires à l’échelle journalière, hebdomadaire et mensuelle. | G27: Non | H27: 4 | I27: =Tableau32[[#This Row],[HJ Dev]]*0.5 -> 2 | J27: =Tableau32[[#This Row],[HJ Dev]]+Tableau32[[#This Row],[HJ Fonc]] -> 6
B28: E013 | C28: Visualisation et suivi | D28: Comparaison par rapport aux valeurs de référence du patient. | E28: Comparaison avec les valeurs de référence : chaque mesure peut être comparée aux valeurs de référence personnalisées pour LE patient. | G28: Non | H28: 2 | I28: =Tableau32[[#This Row],[HJ Dev]]*0.5 -> 1 | J28: =Tableau32[[#This Row],[HJ Dev]]+Tableau32[[#This Row],[HJ Fonc]] -> 3
B29: E014 | C29: Visualisation et suivi | D29: Export PDF ou format médical standard (HL7, FHIR). | E29: Export des données : possibilité d’exporter les résultats au format PDF ou dans des formats médicaux standards (HL7, FHIR) pour intégration dans les dossiers patients ou partage avec les professionnels de santé. | G29: Non | H29: 2 | I29: =Tableau32[[#This Row],[HJ Dev]]*0.5 -> 1 | J29: =Tableau32[[#This Row],[HJ Dev]]+Tableau32[[#This Row],[HJ Fonc]] -> 3
B30: E015 | C30: Partage et communication | D30: Génération d'un rapport complet (tableaux + graphiques + commentaires du patient). | E30: - La génération de rapports complets : chaque rapport inclut tableaux, graphiques et commentaires éventuels du patient. | G30: Non | H30: 2 | I30: =Tableau32[[#This Row],[HJ Dev]]*0.5 -> 1 | J30: =Tableau32[[#This Row],[HJ Dev]]+Tableau32[[#This Row],[HJ Fonc]] -> 3
B31: E016 | C31: Partage et communication | D31: Envoi sécurisé par email au médecin référent. | E31: - L'envoi sécurisé : les rapports peuvent être envoyés directement par email au médecin référent via un canal sécurisé. | G31: Non | H31: 2 | I31: =Tableau32[[#This Row],[HJ Dev]]*0.5 -> 1 | J31: =Tableau32[[#This Row],[HJ Dev]]+Tableau32[[#This Row],[HJ Fonc]] -> 3
B32: E017 | C32: Ergonomie différenciée | D32: Mode adulte : interface sobre, dashboards clairs, graphiques précis. | E32: L’application offre deux modes d’interface : - Mode adulte : interface sobre et structurée, tableaux de bord clairs et graphiques précis pour un suivi efficace des mesures respiratoires. | G32: Oui | H32: 2 | I32: =Tableau32[[#This Row],[HJ Dev]]*0.5 -> 1 | J32: =Tableau32[[#This Row],[HJ Dev]]+Tableau32[[#This Row],[HJ Fonc]] -> 3
B33: E018 | C33: Ergonomie différenciée | D33: Mode enfant : interface visuelle, couleurs vives, avatars, gamification (badges, encouragements). | E33: - Mode enfant : interface ludique avec couleurs vives, avatars et éléments de gamification (badges, encouragements) pour motiver l’enfant à réaliser correctement les exercices. Basculement entre modes : - Automatique : par défaut, l’application affiche le mode correspondant au profil enregistré du patient en fonction de l'âge. - Manuel via toggle . | G33: Non | H33: 2 | I33: =Tableau32[[#This Row],[HJ Dev]]*0.5 -> 1 | J33: =Tableau32[[#This Row],[HJ Dev]]+Tableau32[[#This Row],[HJ Fonc]] -> 3
B34: E019 | C34: Ergonomie différenciée | D34: Accessibilité : taille des caractères adaptable, compatibilité Voice Over / TalkBack. Design adaptatif pour les différentes tailles d'écran. | E34: Accessibilité et adaptabilité : -Taille des caractères adaptable selon les besoins de l’utilisateur. -Compatibilité avec Voice Over / TalkBack pour les malvoyants. -Design adaptatif sur différentes tailles d’écran. | G34: Non | H34: 3 | I34: =Tableau32[[#This Row],[HJ Dev]]*0.5 -> 1.5 | J34: =Tableau32[[#This Row],[HJ Dev]]+Tableau32[[#This Row],[HJ Fonc]] -> 4.5
B35: E020 | C35: Compatibilité | D35: iOS (≥15), Android (≥11) | E35: L’application mobile sera développée en technologies hybrides natives pour permettre une exécution sur iOS ≥ 15 et Android ≥ 11. Les versions minimales sont définies pour garantir la stabilité, la sécurité et la compatibilité avec les API Bluetooth/NFC. | G35: Oui | I35: =Tableau32[[#This Row],[HJ Dev]]*0.5 -> 0 | J35: =Tableau32[[#This Row],[HJ Dev]]+Tableau32[[#This Row],[HJ Fonc]] -> 0
B36: E021 | C36: Sécurité | D36: Données de santé cryptées AES-256 Transmission via HTTPS/TLS | E36: Toutes les données de santé générées par le spiromètre seront chiffrées en AES-256 avant stockage. Les échanges entre l’application et le cloud seront protégés par des connexions sécurisées HTTPS/TLS 1.2+. Les clés de chiffrement sont gérées dans un coffre-fort applicatif sécurisé. | G36: Oui | H36: 2 | I36: =Tableau32[[#This Row],[HJ Dev]]*0.5 -> 1 | J36: =Tableau32[[#This Row],[HJ Dev]]+Tableau32[[#This Row],[HJ Fonc]] -> 3
B37: E022 | C37: Hébergement | D37: Stockage cloud hébergé sur serveurs HDS agréés (Hébergement Données de Santé – France) | E37: Les données seront stockées dans un cloud certifié HDS (Hébergement Données de Santé – France). | G37: Oui | I37: =Tableau32[[#This Row],[HJ Dev]]*0.5 -> 0 | J37: =Tableau32[[#This Row],[HJ Dev]]+Tableau32[[#This Row],[HJ Fonc]] -> 0
B38: E023 | C38: Normes réglementaires | D38: RGPD (UE) pour gestion des données personnelles | E38: La gestion des données personnelle sera réalisée conformément au RGPD (droits d’accès, anonymisation, consentement). | G38: Oui | H38: 2 | I38: =Tableau32[[#This Row],[HJ Dev]]*0.5 -> 1 | J38: =Tableau32[[#This Row],[HJ Dev]]+Tableau32[[#This Row],[HJ Fonc]] -> 3 | K38: Registre des traitements Analyse d'impact (PIA) Politiques de confidentialité Procédures de gestion des droits Accords de sous-traitance
B39: E024 | C39: Normes réglementaires | D39: Interopérabilité via standards médicaux (FHIR/HL7) | E39: L’interopérabilité avec les systèmes de santé sera assurée via l’implémentation des standards FHIR et HL7 pour l’échange de données médicales. | G39: Oui | H39: 2 | I39: =Tableau32[[#This Row],[HJ Dev]]*0.5 -> 1 | J39: =Tableau32[[#This Row],[HJ Dev]]+Tableau32[[#This Row],[HJ Fonc]] -> 3 | K39: Guide d'implémentation Profils FHIR utilisés Mapping des données Spécifications API
B40: E025 | C40: Statut Réglementaire | D40: Application classée comme Dispositif Médical (Classe IIa) Conformité au Règlement Européen 2017/745 (MDR) | E40: L’application sera destinée à être classée en tant que Dispositif Médical de Classe IIa conformément au règlement européen 2017/745 (MDR). Une documentation technique, un marquage CE et un plan de gestion des risques sont produits pour assurer la conformité réglementaire et permettre la mise sur le marché. | G40: Oui | H40: 0 | I40: =Tableau32[[#This Row],[HJ Dev]]*0.5 -> 0 | J40: =Tableau32[[#This Row],[HJ Dev]]+Tableau32[[#This Row],[HJ Fonc]] -> 0 | K40: Documentation technique complète Rapports de validation clinique Certificats de conformité Manuel d'utilisation Plan de vigilance
J41: =SUBTOTAL(109,Tableau32[HJ Total]) -> 25.5
G42: Total jours Dev/Test | H42: =SUM(Tableau32[HJ Dev]) -> 54
G43: Charge de projet en DT | H43: =PRODUCT(H42,100) -> 5400

Sheet Gestion Exigences
B2: Gestion Exigences Projet | P2: Chiffrage Réalisation (SF only) | S2: Revue et Vérification Pendant la Conception
B4: BU | D4: SF
B5: Client | D5: Hydrex International
B6: Projet | D6: Application Mobile Spiromètre Connecté
B7: Réf BPA du Devis | E7: S0-00xyz | H7: Zone de saisie
B8: Réf BPA du Projet | E8: PR-22-0xyz
B10: Réf Modèle Document | E10: MD203 | J10: Confidentiel | Usage Client Limité
B11: Version Modèle Document | E11: V1.5
B13: ID | C13: Objectifs | D13: Intitulé Exigence | E13: Nature | F13: Catégorie | G13: Exigence identifiée pendant la phase | H13: Description de l'exigence | I13: Source | J13: Description de la solution MOMsoft | K13: Ecart entre exigence client et la solution proposée - préciser aussi les limites et hypothèses si applicable | L13: MVP | M13: Validation Interne | N13: Validation Interne par: | O13: Statut Client | P13: HJ Dev | Q13: HJ Analyse et Test | R13: Total HJ | S13: Description comment la conception de la solution prend en compte l'exigence client | T13: Conception réalisée par: | U13: Revue conception réalisée par | V13: Vérification de la conception réalisée par | W13: Preuve de vérification | X13: Notes
B14: E001 | C14: Suivre l'historique d'utilisation | D14: Accés Admin | E14: Fonctionnelle | G14: Commerciale | H14: Accés Admin | I14: CdC client | J14: la solution propose un module de gestion des utilisateurs et des rôles, permettant à l’administrateur de : -Créer, modifier et supprimer des utilisateurs, -Attribuer ou modifier des rôles et permissions pour chaque utilisateur, -Consulter l’historique d’utilisation : savoir l’application a été utilisée, par quel utilisateur, sur quel type de spiromètre et à quel endroit,
B15: E002 | C15: Connecter leur spiromètre personnel à l'application via QR Code ou NFC. | D15: Connexion et identification | E15: Fonctionnelle | G15: Commerciale | H15: Création de compte patient (Nom, Prénom, Date de naissance, Email, mot de passe). Authentification biométrique sur smartphone. Questionnaire de configuration médicale (taille, poids, pathologie). Ajout des coordonnées du médecin (email, téléphone, établissement). Accès sécurisé (conformes RGPD et norme santé : chiffrement des données locales et transmises). | I15: CdC client | J15: - La solution propose la création d’un compte patient via un formulaire d’inscription comprenant les champs obligatoires : Nom, Prénom, Date de naissance, Email et mot de passe. Une validation de l’adresse email est effectuée afin de sécuriser l’activation du compte. Les mots de passe sont stockés de manière chiffrée (hash + salt). - La solution permet d’activer une authentification biométrique (empreinte digitale ou reconnaissance faciale) après la première connexion, en s’appuyant sur les mécanismes natifs du smartphone. - La solution propose un questionnaire médical de configuration lors de la première utilisation, afin de recueillir les informations de base (taille, poids, pathologie). Ces données sont stockées de façon sécurisée et peuvent être mises à jour ultérieurement. -La solution permet d’ajouter les coordonnées du médecin référent (nom, email, téléphone, établissement) afin de faciliter le partage des rapports. - La solution garantit un accès sécurisé : chiffrement des données en local (base sécurisée sur le smartphone) et lors des transmissions (TLS/SSL). Elle respecte le RGPD et prévoit l’utilisation d’un hébergeur certifié HDS pour les données de santé stockées dans le cloud. | K15: - Le patient fournit un email valide et accepte les CGU et consentements RGPD. | L15: Authentification simple et sécurisé | S15: N/A | T15: N/A | U15: N/A | V15: N/A | W15: N/A
B16: E003 | C16: Connecter leur spiromètre personnel à l'application via QR Code ou NFC. | D16: Connexion au spiromètre | E16: Fonctionnelle | G16: Commerciale | H16: Option 1 : Scan QR Code → associe un dispositif identifié au compte patient. Option 2 : NFC → simple appairage du spiromètre compatible NFC en approchant le téléphone. Option 3 : Bluetooth LE (fallback) en cas d'échec des autres méthodes. | I16: CdC client | J16: L’application permet de connecter le patient à son spiromètre via trois méthodes : - Scan un ou plusieurs QR Code : le patient scanne le QR code du spiromètre pour l’associer automatiquement le ou les appareils de à son compte. - NFC : l’application permet un appairage rapide du spiromètre compatible NFC simplement en approchant le téléphone. - Bluetooth LE : utilisé comme solution de secours si le QR code ou NFC échouent, l’application permet l’appairage manuel via Bluetooth Low Energy. | K16: La connexion NFC nécessite que le smartphone du patient soit compatible NFC. Le Bluetooth LE peut nécessiter une étape supplémentaire de validation ou d’autorisation selon les versions d’OS. | L16: Scan QR code pour lié l'application au modèle de spiromètre utilisé
B17: E004 | C17: Collecter, stocker et visualiser leurs données respiratoires de manière sécurisée. | D17: Enregistrement des données respiratoires | E17: Fonctionnelle | G17: Commerciale | H17: Synchronisation automatique à chaque utilisation. Historisation des données : date, heure, type d'exercice, valeurs mesurées (VEMS, CVF, DEP selon dispositif). Validation automatique de la qualité des mesures. Stockage local + synchronisation cloud sécurisé. | I17: CdC client | J17: L’application permet de : - Synchronisation automatique : les données sont synchronisées à chaque utilisation du spiromètre. - Historisation des données : chaque enregistrement inclut la date, l’heure, le type d’exercice et les valeurs mesurées (VEMS, CVF, DEP selon le dispositif utilisé). - Validation automatique : l’application contrôle automatiquement la qualité des mesures pour garantir la fiabilité des données. - Stockage sécurisé : les données sont stockées localement sur le téléphone et synchronisées sur le cloud via un protocole sécurisé, garantissant confidentialité et accessibilité. | L17: Enregistrement simple et intuivtive de mesure donnée par le spiromètre
B18: E005 | C18: Collecter, stocker et visualiser leurs données respiratoires de manière sécurisée. | D18: Visualisation et suivi | E18: Fonctionnelle | G18: Commerciale | H18: Tableaux de bord interactifs. Graphiques montrant l'évolution journalière, hebdomadaire, mensuelle. Comparaison par rapport aux valeurs de référence du patient. Export PDF ou format médical standard (HL7, FHIR). | I18: CdC client | J18: L’application offre des tableaux de bord interactifs permettant : - Visualisation centralisée des mesures : accès rapide à toutes les données respiratoires. - Graphiques d’évolution : affichage de l’évolution des valeurs respiratoires à l’échelle journalière, hebdomadaire et mensuelle. - Comparaison avec les valeurs de référence : chaque mesure peut être comparée aux valeurs de référence personnalisées pour le patient. - Export des données : possibilité d’exporter les résultats au format PDF ou dans des formats médicaux standards (HL7, FHIR) pour intégration dans les dossiers patients ou partage avec les professionnels de santé. | L18: Afficher un graphique présentant l'évolution des mesures au cours de temps
B19: E006 | C19: Partager ces rapports directement avec le professionnel de santé (médecin traitant, pneumologue). | D19: Partage et communication | E19: Fonctionnelle | G19: Commerciale | H19: Génération d'un rapport complet (tableaux + graphiques + commentaires du patient). Envoi sécurisé par email au médecin référent. Portail web dédié pour les professionnels de santé. Notification au médecin (si système connecté). | I19: CdC client | J19: L’application permet : - La génération de rapports complets : chaque rapport inclut tableaux, graphiques et commentaires éventuels du patient. - L'envoi sécurisé : les rapports peuvent être envoyés directement par email au médecin référent via un canal sécurisé. - L'accés à un portail web pour professionnels de santé : les médecins peuvent consulter les données du patient via un portail web dédié et sécurisé. - L'envoi des notifications : si le système est connecté, le professionnel reçoit une alerte lorsqu’un nouveau rapport est disponible.
B20: E007 | C20: S'adapter à l'âge et au profil du patient grâce à une ergonomie différenciée. | D20: Ergonomie différenciée | E20: Fonctionnelle | G20: Commerciale | H20: Mode adulte : interface sobre, dashboards clairs, graphiques précis. Mode enfant : interface visuelle, couleurs vives, avatars, gamification (badges, encouragements). Accessibilité : taille des caractères adaptable, compatibilité Voice Over / TalkBack. Design adaptatif pour les différentes tailles d'écran. | I20: CdC client | J20: L’application offre deux modes d’interface : - Mode adulte : interface sobre et structurée, tableaux de bord clairs et graphiques précis pour un suivi efficace des mesures respiratoires. - Mode enfant : interface ludique avec couleurs vives, avatars et éléments de gamification (badges, encouragements) pour motiver l’enfant à réaliser correctement les exercices. Basculement entre modes : - Automatique : par défaut, l’application affiche le mode correspondant au profil enregistré du patient en fonction de l'âge. - Manuel via toggle . Accessibilité et adaptabilité : -Taille des caractères adaptable selon les besoins de l’utilisateur. -Compatibilité avec Voice Over / TalkBack pour les malvoyants. -Design adaptatif sur différentes tailles d’écran.
B21: E008 | C21: Compatibilité | D21: Compatibilité | E21: Standard Client | G21: Commerciale | H21: iOS (≥15), Android (≥11) | I21: CdC client | J21: L’application mobile sera développée en technologies hybrides natives pour permettre une exécution sur iOS ≥ 15 et Android ≥ 11. Les versions minimales sont définies pour garantir la stabilité, la sécurité et la compatibilité avec les API Bluetooth/NFC.
B22: E009 | C22: Sécurité | D22: Sécurité | E22: Sécurité | G22: Commerciale | H22: Données de santé cryptées AES-256 Transmission via HTTPS/TLS | I22: CdC client | J22: Toutes les données de santé générées par le spiromètre seront chiffrées en AES-256 avant stockage. Les échanges entre l’application et le cloud seront protégés par des connexions sécurisées HTTPS/TLS 1.2+. Les clés de chiffrement sont gérées dans un coffre-fort applicatif sécurisé.
B23: E010 | C23: Hébergement | D23: Hébergement | E23: Réglementaire | G23: Commerciale | H23: Stockage cloud hébergé sur serveurs HDS agréés (Hébergement Données de Santé – France) | I23: CdC client | J23: Les données seront stockées dans un cloud certifié HDS (Hébergement Données de Santé – France).
B24: E011 | C24: Normes réglementaires pour la gestion des données personnelles | D24: Normes réglementaires | E24: Réglementaire | G24: Commerciale | H24: RGPD (UE) pour gestion des données personnelles | I24: CdC client | J24: La gestion des données personnelle sera réalisée conformément au RGPD (droits d’accès, anonymisation, consentement). | X24: Registre des traitements Analyse d'impact (PIA) Politiques de confidentialité Procédures de gestion des droits Accords de sous-traitance
B25: E012 | C25: Normes réglementaires pour Interopérabilité via standards médicaux | D25: Normes réglementaires | E25: Réglementaire | G25: Commerciale | H25: Interopérabilité via standards médicaux (FHIR/HL7) | I25: CdC client | J25: L’interopérabilité avec les systèmes de santé sera assurée via l’implémentation des standards FHIR et HL7 pour l’échange de données médicales. | X25: Guide d'implémentation Profils FHIR utilisés Mapping des données Spécifications API
B26: E013 | C26: Statut Réglementaire | D26: Statut Réglementaire | E26: Reglementaire | G26: Commerciale | H26: Application classée comme Dispositif Médical (Classe IIa) Conformité au Règlement Européen 2017/745 (MDR) | I26: CdC client | J26: L’application sera destinée à être classée en tant que Dispositif Médical de Classe IIa conformément au règlement européen 2017/745 (MDR). Une documentation technique, un marquage CE et un plan de gestion des risques sont produits pour assurer la conformité réglementaire et permettre la mise sur le marché. | X26: Documentation technique complète Rapports de validation clinique Certificats de conformité Manuel d'utilisation Plan de vigilance
R27: =SUBTOTAL(109,Tableau3[Total HJ]) -> 0

Sheet Params
B2: BU | C2: Nature | D2: Exigence identifiée pendant la phase | E2: Source | F2: Oui/Non | G2: Statut Client | H2: Statut Interne | I2: Catégorie
B3: SE | C3: Fonctionnelle | D3: Commerciale | E3: CdC client | F3: Oui | G3: Validée par le client | H3: Validée | I3: *** SE
B4: SE-TN | C4: Performance | D4: Conception | E4: Workshop/réunion client | F4: Non | G4: Non validée par client | H4: Non validée | I4: SE-Processus
B5: SE-MA | C5: Reglementaire | D5: Réalisation | E5: Workshop/réunion Interne | F5: N/A | G5: N/A | H5: N/A | I5: SE-Mécanique
B6: SF | C6: Sécurité | D6: Mise en œuvre | E6: Standards client | I6: SE-Electrique
B7: R&D | C7: Standard Client | D7: Support et maintenance | E7: Standards ADDIXO | I7: SE-Soft
B8: LOOYAS | C8: Standard ADDIXO | E8: Reglementation | I8: SE-Auto
B9: A définir | E9: Demande modification | I9: SE-Fabrication
I10: SE-Intégration
I11: SE-Achats
I13: *** SF
I14: SF-Processus
I15: SF-Fonctionnelle
I16: SF-Connectivité Machine
I17: SF-Intégration SI
I18: SF-Software
I19: SF-Infra IT
I21: *** TC
I22: TC-Prestations sur site client

Sheet Modifs Doc
B3: Gestion Exigences Projet
B5: ='Gestion Exigences'!B5 -> Client | D5: ='Gestion Exigences'!E5 -> 0
B6: ='Gestion Exigences'!B6 -> Projet | D6: ='Gestion Exigences'!E6 -> 0
B7: ='Gestion Exigences'!B7 -> Réf BPA du Devis | D7: ='Gestion Exigences'!E7 -> S0-00xyz
B8: ='Gestion Exigences'!B8 -> Réf BPA du Projet | D8: ='Gestion Exigences'!E8 -> PR-22-0xyz
B10: ='Gestion Exigences'!B10 -> Réf Modèle Document | C10: ='Gestion Exigences'!E10 -> MD203
B11: ='Gestion Exigences'!B11 -> Version Modèle Document | C11: ='Gestion Exigences'!E11 -> V1.5
B13: Version | C13: Date | D13: Modifications | E13: Auteur(s) | F13: Vérificateur(s) | G13: Approbateur
B14: V1.0 | C14: 45342 | D14: Version initiale | E14: Nihel K. | F14: Mahdi B. + Ferjania BA | G14: Imed A.
