Workbook

Sheet Gestion Exigences
B2: Gestion Exigences Projet | N2: Chiffrage Réalisation SF | Q2: Revue et Vérification pendant la Conception
C4: Client | D4: La rose blanche
C5: Projet | D5: Digitalisation ligne PC4
C6: Réf BPA du Devis | D6: S0-00xy
C7: Réf BPA du Projet | D7: PR-22-0xyz
C8: Réf Modèle Document | D8: MD203 | I8: Confidentiel - Usage Externe Limité
C9: Version Modèle Document | D9: V1.5
B11: ID | C11: Exigence | D11: Nature | E11: Catégorie | F11: Exigence idenfiée pendant la phase | G11: Description de l'exigence | H11: Source | I11: Desciption de la solution ADDIXO | J11: Ecart entre exigence client et la solution proposée - préciser aussi les limites et hypothèses si applicable | K11: Validation Interne | L11: Validation Interne par: | M11: Statut Client | N11: HJ Dev | O11: HJ Analyse et test | P11: Total HJ | Q11: Description comment la conception de la solution prend en compte l'exigence client | R11: Conception réalisée par: | S11: Revue conception réalisée par | T11: Vérification de la conception réalisée par | U11: Preuve de vérification | V11: Notes
B12: E001 | C12: Récuppération des quantités produites | D12: Fonctionnelle | E12: SF-Connectivité Machine | F12: Commerciale | G12: Récupérer automatiquement les quantités produites à partir des contrôleuses des poids de chaque ligne de contionnement | H12: Workshop/réunion client | I12: La quantité produite est déterminé à partir des contrôleuses de poids via un transmetteur de poids DAT 1400 installé dans chaque ligne de conditionnement(B1,B2,B3,B4,B5). | J12: •Interfaçage avec les contrôleuses des poids via un transmetteur de poids DAT 1400 •Déclaration des quantités produites au niveau des contrôleuses des poids et le nombre de paquets conformes | N12: =1+2 -> 3 | O12: =Tableau3[[#This Row],[HJ Dev]]*(50%+25%) -> 2.25 | P12: =Tableau3[[#This Row],[HJ Analyse et test]]+Tableau3[[#This Row],[HJ Dev]] -> 5.25
B13: E002 | C13: Suivi des quantités produites au niveau du stockage en vrac. | D13: Fonctionnelle | E13: SF-Fonctionnelle | F13: Commerciale | G13: Les quantités produites en vrac sont contrôlées. Celles rebutées sont pesées sur place avant de passer au broyage. | H13: Workshop/réunion Interne | I13: Les quantités produites en vrac sont contrôlées et stockées en Smart Factory manuellement. | J13: Ajouter un tableau contient : •Les quantités produites en vrac •Les quantités rebutées | N13: 5 | O13: =Tableau3[[#This Row],[HJ Dev]]*(50%+25%) -> 3.75 | P13: =Tableau3[[#This Row],[HJ Analyse et test]]+Tableau3[[#This Row],[HJ Dev]] -> 8.75
B14: E003 | C14: Chargement des OF | D14: Fonctionnelle | E14: SF-Intégration SI | F14: Commerciale | G14: Chargement des OF à partir de l'ERP | H14: Workshop/réunion Interne | I14: ♦ADDIXO Smart Factory permet la création et la manipulation des OF via l'interface "Liste OF" et la lecture des OF à partir de l'ERP via le module Intégration SI. ♦L'intégration des OF s'effectue soit par : •Chargement des OF d'une manière automatisée à partir de ERP •Création manuelle des OF via Smart Factory | J14: •Interfaçage entre l'ERP et ADDIXO Smart Factory pour lire les OF à partir de l'ERP. •Ceci peut être effectué automatiquement en fonction d'une fréquence déterminée ou en appuyant sur un bouton. •Cet écart nécessite un travail de collaboration entre l'équipe ADDIXO et l'équipe ERP. | N14: 5 | O14: =Tableau3[[#This Row],[HJ Dev]]*(50%+25%) -> 3.75 | P14: =Tableau3[[#This Row],[HJ Analyse et test]]+Tableau3[[#This Row],[HJ Dev]] -> 8.75
B15: E004 | C15: Renvoi des données des OF de SF vers ERP | D15: Fonctionnelle | E15: SF-Intégration SI | F15: Commerciale | G15: Retour vers ERP par rapport des données des OF | H15: Workshop/réunion Interne | I15: ADDIXO Smart Factory permet d''envoyer les données des OF de ADDIXO Smart Factory via le module Integration SI | J15: •Interfaçage entre l'ERP et ADDIXO Smart Factory pour envoyer les données des OF vers l'ERP. •Adaptation webservices retour de Smart Factory vers ERP •Ceci peut être effectué automatiquement en fonction d'une fréquence déterminée ou en appuyant sur un bouton. •Cet écart nécessite un travail de collaboration entre l'équipe ADDIXO et l'équipe ERP. | N15: 7 | O15: =Tableau3[[#This Row],[HJ Dev]]*(50%+25%) -> 5.25 | P15: =Tableau3[[#This Row],[HJ Analyse et test]]+Tableau3[[#This Row],[HJ Dev]] -> 12.25
B16: E005 | C16: Gestion des OF multilignes | D16: Fonctionnelle | E16: SF-Processus | F16: Commerciale | G16: Création et manipulation d'un seul OF sur plusieurs lignes | H16: Workshop/réunion Interne | I16: La solution proposée permet l'affectation du même numéro OF sur plusieurs lignes. Les quantités déclarées sur ces lignes seront groupées et affichées par OF. | J16: • Ajouter un flux qui permet de créer et affecter un seul OF sur pluieurs lignes. Ceci nécessite une révision et adapatation au niveau de plusieurs interface : • Ajouter la multiselection des plusieurs lignes au niveau de l'interface "ajouter un nouveau OF" • Affichage d'un OF sur plusieurs ligne au niveau de l'interface "Vue 360°" • Adaptation de la gestion des fiches de démarrage, fin de série et de suivi pour supporter la déclaration sur plusieurs lignes. • Adaptation de la déclaration manuelle et automatique de production pour déclarer des quantités • Adaptation de l'historisation des OF et des données de production dans les interfaces : Historique Production, Détails Production, Détails Qualité, Résumé OF, • Adaptation des tableaux de bord Production, Qualité et Maintenance | N16: 40 | O16: =Tableau3[[#This Row],[HJ Dev]]*(50%+25%) -> 30 | P16: =Tableau3[[#This Row],[HJ Analyse et test]]+Tableau3[[#This Row],[HJ Dev]] -> 70 | V16: chiffrage total ( tout le flux de gestion of/ligne )
B17: E006 | C17: Suivi des indicateurs | D17: Fonctionnelle | E17: SF-Fonctionnelle | F17: Commerciale | G17: Intégrer le suivi des indicateurs en temps réel : •TRS et TRG •Temps de réalisation •Temps d’ouverture •Temps de fonctionnement | H17: Workshop/réunion Interne | I17: ADDIXO Smart Factory permet de : •Afficher les indicateurs (TRS, TR, TO,TF) en temps réel au niveau de l'interface "Vue 360°" •Historiser les indicateurs (TRS, TR, TO,TF) au niveau de la vue management et le tableau de bord. | J17: •Calculer le TRG et l'afficher en temps réel au niveau de l'interface "vue 360°" •Affichage du TRG au niveau de la vue du TB et de la vue management •La disponibilité des données nécessaires pour le calcul des indicateurs est à vérifier. | N17: 4 | O17: =Tableau3[[#This Row],[HJ Dev]]*(50%+25%) -> 3 | P17: =Tableau3[[#This Row],[HJ Analyse et test]]+Tableau3[[#This Row],[HJ Dev]] -> 7
B18: E007 | C18: Gestion quantités non-conformes en KG | D18: Fonctionnelle | E18: SF-Fonctionnelle | F18: Commerciale | G18: Intégrer la gestion des quantités non conformes à partir des contrôleuses des poids : Les contrôleuses affichent le poids de chaque paquet tout en éliminant ceux avec un poids inférieur à une limite de contrôle paramétrée par le client | H18: Workshop/réunion Interne | I18: •Les quantités non conformes sont définies par le poid des sachets éliminés au niveau des contrôleuses des poids •Les quantités non-conformes sont calculées dans ADDIXO Smart Factory : Smart Factory définit les sachets non conformes à partir du poids reçu et calcule la somme du poids de ces sachets. | J18: •Afficher les quantités non conformes reçues au niveau de l'interface "historique production". •Calculer la somme du poids de ces sachets et l'afficher au niveau TB Hypothèse : La communication avec les contrôleuses de poids est possible. | N18: 4 | O18: =Tableau3[[#This Row],[HJ Dev]]*(50%+25%) -> 3 | P18: =Tableau3[[#This Row],[HJ Analyse et test]]+Tableau3[[#This Row],[HJ Dev]] -> 7
B19: E008 | C19: Gestion des équipes | D19: Fonctionnelle | E19: SF-Fonctionnelle | F19: Commerciale | G19: Intégrer la gestion des équipes (Planification ouverture ligne) | H19: Workshop/réunion Interne | I19: Module gestion des équipes | J19: utilisation du module standard de Smart Factory | N19: 0 | O19: =Tableau3[[#This Row],[HJ Dev]]*(50%+25%) -> 0 | P19: =Tableau3[[#This Row],[HJ Analyse et test]]+Tableau3[[#This Row],[HJ Dev]] -> 0
B20: E009 | C20: Gestion de la matière première | D20: Fonctionnelle | E20: SF-Fonctionnelle | F20: Commerciale | G20: Intégrer la gestion de la matière première en temps réel et en historique | H20: Workshop/réunion Interne | I20: ADDIXO Smart Factory permet de : •Lire les données matière à partir d'un fichier excel et de les exploiter en temps réel et en historique. •L'extraction des données sous forme de fichier CSV. | J20: Permettre la lecture des données nécessaires pour la gestion de la matière première : Toutes les informations nécessaires sont extraites à partir d’un fichier Excel disponible sur un PC (en Temps réel). • Une méthode d'exploitation des fichiers sera intégrée. | N20: 4 | O20: =Tableau3[[#This Row],[HJ Dev]]*(50%+25%) -> 3 | P20: =Tableau3[[#This Row],[HJ Analyse et test]]+Tableau3[[#This Row],[HJ Dev]] -> 7
B21: E010 | C21: Gestion de la matière première | D21: Fonctionnelle | E21: SF-Fonctionnelle | F21: Commerciale | G21: Intégrer la gestion de la matière première en temps réel et en historique | H21: Workshop/réunion Interne | I21: ADDIXO Smart Factory permet de : •Afficher les données sous forme de tableau ou graphique. •L'extraction des données sous forme de fichier CSV. | J21: Ajout des interfaces opérationnelles permettant les fonctionnalités suivantes : •L'affichage graphique de la quantité reçue au niveau des silos •L'affichage graphique de la quantité envoyée aux lignes de production. | N21: 7 | O21: =Tableau3[[#This Row],[HJ Dev]]*(50%+25%) -> 5.25 | P21: =Tableau3[[#This Row],[HJ Analyse et test]]+Tableau3[[#This Row],[HJ Dev]] -> 12.25
B22: E011 | C22: Suivre le flux des matières | D22: Fonctionnelle | E22: SF-Fonctionnelle | F22: Commerciale | G22: Suivre la source et la destination des quantités reçues et consommées. | H22: Workshop/réunion Interne | I22: Suivre les quantités reçues au niveau du chaque silo et les quantités consommées par chaque ligne Ces informations sont lues à partir d'un fichier Excel disponible sur un PC connecté au serveur. | J22: Ajout d'une interface permettant les fonctionnalités suivantes : •Afficher les quantités consommées par chaque ligne sous forme d'un tableau •Afficher les quantités reçues par les silos sous forme d'un tableau | N22: 6 | O22: =Tableau3[[#This Row],[HJ Dev]]*(50%+25%) -> 4.5 | P22: =Tableau3[[#This Row],[HJ Analyse et test]]+Tableau3[[#This Row],[HJ Dev]] -> 10.5
B23: E012 | C23: Gestion du débit matière | D23: Fonctionnelle | E23: SF-Fonctionnelle | F23: Commerciale | G23: Intégrer la gestion du débit matière en temps réel et en historique | H23: Workshop/réunion Interne | I23: suivre le débit matière en temps réel à partir d'un fichier excel disponible sur un PC connecté au serveur | J23: Ajout d'une interface opérationnelle permettant les fonctionnalités suivantes : •Lecture du débit matière (Réception et Extraction) à partir de l’automate •Afficher le débit matière en temps réel au niveau de la vue 360° •Stocker le débit matière en historique et l'afficher au niveau du TB sous forme de courbe •Une méthode d'exploitation des fichiers sera intégrée sous forme d'un bouton au niveau de l'interface "Débit matière" dans le module "Matière première" | N23: 10 | O23: =Tableau3[[#This Row],[HJ Dev]]*(50%+25%) -> 7.5 | P23: =Tableau3[[#This Row],[HJ Analyse et test]]+Tableau3[[#This Row],[HJ Dev]] -> 17.5
B24: E013 | C24: Gestion des déchets en temps réel | D24: Fonctionnelle | E24: SF-Fonctionnelle | F24: Commerciale | G24: Suivre les quantités à broyer et les quantités broyées. | H24: Workshop/réunion Interne | I24: Intégrer la gestion des déchets dans Smart Factory : •les quantités à broyer de déchets sont lues à partir d’un fichier Excel en temps réel ou déclarées manuellement via une tablette •la quantité broyée est déclarée sur une bascule et par la suite lue à partir d’un fichier CSV. | J24: Ajout d'une interface de gestion des déchets permettant les fonctionnalités suivantes : •Lecture des quantités à broyer à partir d’un fichier Excel en temps réel •Déclarer manuellement les quantités à broyer en KG sous forme d'un tableau •Lecture des quantités broyées à partir d'un fichier excel | N24: 5 | O24: =Tableau3[[#This Row],[HJ Dev]]*(50%+25%) -> 3.75 | P24: =Tableau3[[#This Row],[HJ Analyse et test]]+Tableau3[[#This Row],[HJ Dev]] -> 8.75
B25: E014 | C25: Historisation des déchets | D25: Fonctionnelle | E25: SF-Fonctionnelle | F25: Commerciale | G25: Intégrer la gestion des déchets : Suivre les quantités à broyer et les quantités broyées. | H25: Workshop/réunion Interne | I25: Le déchet est historisé dans un tableau sur Smart Factory avec possibilité d’extraction des données sous formes de fichier Excel. | J25: Permettre l'historisation des déchets et leurs affichage sous forme de tableau ou de graphique | N25: 3 | O25: =Tableau3[[#This Row],[HJ Dev]]*(50%+25%) -> 2.25 | P25: =Tableau3[[#This Row],[HJ Analyse et test]]+Tableau3[[#This Row],[HJ Dev]] -> 5.25
B26: E015 | C26: Gestion des alertes | D26: Fonctionnelle | E26: SF-Fonctionnelle | F26: Commerciale | G26: La détection des métaux est une non-conformité majeure qui provoque une alerte. La lecture du poids du paquet signalé n’est pas pertinente. | H26: Workshop/réunion Interne | I26: ADDIXO Smart Factory permet de : •Envoyer une nottification lors de la détection des métaux au niveau chaque ligne | J26: •Envoi d'un message Détection métaux de Edge vers SF •Réception et traitment du message au niveau de SF •Envoi d'une notification et déclenchement d'une alerte sonore | N26: 6 | O26: =Tableau3[[#This Row],[HJ Dev]]*(50%+25%) -> 4.5 | P26: =Tableau3[[#This Row],[HJ Analyse et test]]+Tableau3[[#This Row],[HJ Dev]] -> 10.5
B27: E016 | C27: Gestion des arrêts planifiés | D27: Fonctionnelle | E27: SF-Fonctionnelle | F27: Commerciale | G27: Intégrer le suivi des arrêts : •Les arrêts planifiés ne sont pas inclus dans le calcul du TRS •Les arrêts planifiés affecte le TRG. | H27: Workshop/réunion Interne | I27: Les arrêts planifiés sont définis et gérés au niveau de Smart Factory | J27: utilisation du module standard de Smart Factory | N27: 0 | O27: =Tableau3[[#This Row],[HJ Dev]]*(50%+25%) -> 0 | P27: =Tableau3[[#This Row],[HJ Analyse et test]]+Tableau3[[#This Row],[HJ Dev]] -> 0
B28: E017 | C28: Gestion des arrêts non planifiès | D28: Fonctionnelle | E28: SF-Fonctionnelle | F28: Commerciale | G28: Intégrer le suivi des arrêts non planifés : •Les arrêts non-planifiés sont lus à partir des machines ou lancés manuellement par le conducteur machine. | H28: Workshop/réunion Interne | I28: Les arrêts non planifiés sont définis et gérés au niveau de Smart Factory | J28: Adaptation au niveau de la gestion des arrêts : • Les arrêts non planifiés sont lancés au niveau de Smart Factory par le conducteur machines. La cause d’arrêt est définie à la fin de l’arrêt. •Les arrêts sont définis par l’absence du signal Production pour une période paramétré dans Smart Factory. Ce signal est indiqué par le capteur passage entrée du détecteur de métaux. | N28: 4 | O28: =Tableau3[[#This Row],[HJ Dev]]*(50%+25%) -> 3 | P28: =Tableau3[[#This Row],[HJ Analyse et test]]+Tableau3[[#This Row],[HJ Dev]] -> 7
... B32: E021 | C32: Gestion de la consommation énergitique | D32: Fonctionnelle | E32: SF-Processus | F32: Commerciale | G32: Suivi de la consommation énergétique par produit | H32: Workshop/réunion Interne | I32: Suivi de la consommation énergétique par produit | J32: utilisation du module standard de Smart Factory | N32: 0 | O32: =Tableau3[[#This Row],[HJ Dev]]*(50%+25%) -> 0 | P32: =Tableau3[[#This Row],[HJ Analyse et test]]+Tableau3[[#This Row],[HJ Dev]] -> 0
B33: E022 | C33: Suivi paramètres process | D33: Fonctionnelle | E33: SF-Processus | F33: Commerciale | G33: Suivi des paramètres process | H33: Workshop/réunion Interne | I33: Suivi des paramètres process via OPC avec une fréquence entre 10 et 30 secondes | J33: Ajout des interfaces de suivi des paramètres process en temps réel et en historique. L'affichage des données stockées peut être effecuté sous forme de tableau et graphe ou extraites sous forme de fichier Excel. | N33: 30 | O33: =Tableau3[[#This Row],[HJ Dev]]*(50%+25%) -> 22.5 | P33: =Tableau3[[#This Row],[HJ Analyse et test]]+Tableau3[[#This Row],[HJ Dev]] -> 52.5 | Q33: =Tableau3[[#This Row],[Total HJ]]+Tableau3[[#This Row],[HJ Analyse et test]] -> 75 | R33: =Tableau3[[#This Row],[Description comment la conception de la solution prend en compte l''exigence client]]+Tableau3[[#This Row],[Total HJ]] -> 127.5 | S33: =Tableau3[[#This Row],[Conception réalisée par:]]+Tableau3[[#This Row],[Description comment la conception de la solution prend en compte l''exigence client]] -> 202.5 | T33: =Tableau3[[#This Row],[Revue conception réalisée par]]+Tableau3[[#This Row],[Conception réalisée par:]] -> 330 | U33: =Tableau3[[#This Row],[Vérification de la conception réalisée par]]+Tableau3[[#This Row],[Revue conception réalisée par]] -> 532.5
B34: E023 | C34: Connectivité avec fardouleuse | D34: Fonctionnelle | E34: SF-Connectivité Machine | F34: Commerciale | G34: Récupérer automatiquement les quantités produites à partir des fardouleuses de chaque ligne de contionnement | H34: Workshop/réunion Interne | I34: La quantité produite est déterminé à partir des fardouleuses de chaque ligne de contionnement | J34: •Interfaçage avec les fardouleuses •Déclaration des quantités produites au niveau des fardouleuses | N34: =5*5 -> 25 | O34: 3 | P34: =Tableau3[[#This Row],[HJ Analyse et test]]+Tableau3[[#This Row],[HJ Dev]] -> 28
N35: =SUBTOTAL(109,Tableau3[HJ Dev]) -> 188 | O35: =SUBTOTAL(109,Tableau3[HJ Analyse et test]) -> 125.25 | P35: =SUBTOTAL(109,Tableau3[Total HJ]) -> 313.25

Sheet Params
B2: Nature | C2: Exigence identifiée pendant la phase | D2: Source | E2: Oui/Non | F2: Statut Client | G2: Statut Interne | H2: Catégorie
B3: Fonctionnelle | C3: Commerciale | D3: CdC client | E3: Oui | F3: Validée par le client | G3: Validée | H3: *** SE
B4: Performance | C4: Conception | D4: Workshop/réunion client | E4: Non | F4: Non validée par client | G4: Non validée | H4: SE-Processus
B5: Reglementaire | C5: Réalisation | D5: Workshop/réunion Interne | E5: N/A | H5: SE-Mécanique
B6: Sécurité | C6: Mise en œuvre | D6: Standards client | H6: SE-Electrique
B7: Standard Client | C7: Support et maintenance | D7: Standards ADDIXO | H7: SE-Soft
B8: Standard ADDIXO | D8: Reglementation | H8: SE-Auto
D9: Demande modification | H9: SE-Fabrication
H10: SE-Intégration
H11: SE-Achats
H13: *** SF
H14: SF-Processus
H15: SF-Fonctionnelle
H16: SF-Connectivité Machine
H17: SF-Intégration SI
H18: SF-Software
H19: SF-Infra IT
H21: *** TC
H22: TC-Prestations sur site client

Sheet Modifs Doc
B3: Gestion Exigences Projet
B5: ='Gestion Exigences'!C4 -> Client | C5: ='Gestion Exigences'!D4 -> La rose blanche
B6: ='Gestion Exigences'!C5 -> Projet | C6: ='Gestion Exigences'!D5 -> Digitalisation ligne PC4
B7: ='Gestion Exigences'!C6 -> Réf BPA du Devis | C7: ='Gestion Exigences'!D6 -> S0-00xy
B8: ='Gestion Exigences'!C7 -> Réf BPA du Projet | C8: ='Gestion Exigences'!D7 -> PR-22-0xyz
B9: ='Gestion Exigences'!C8 -> Réf Modèle Document | C9: ='Gestion Exigences'!D8 -> MD203
B10: ='Gestion Exigences'!C9 -> Version Modèle Document | C10: ='Gestion Exigences'!D9 -> V1.5
B13: Version | C13: Date | D13: Modifications | E13: Auteur(s) | F13: Vérificateur(s) | G13: Approbateur
B14: V1.0 | C14: 44894 | D14: Version initiale | E14: Nihel K. | F14: Mahdi B. | G14: Imed A.
B15: V1.1 | C15: 44944 | D15: Préciser la desciption de la solution ADDIXO Préciser l'ecart entre exigence client et la solution proposée | E15: Nihel K. | F15: Mahdi B. | G15: Imed A.
