Workbook

Sheet Gestion Exigences
B2: Gestion Exigences Projet | AC2: Chiffrage Réalisation SF | AF2: Revue et Vérification pendant la Conception
C5: Client | D5: COGITEL
C6: Projet | D6: Digitalisation Atelier Découpe
C7: Réf BPA du Devis
C8: Réf BPA du Projet
C9: Réf Modèle Document | D9: MD203 | I9: Strictement Confidentiel
C10: Version Modèle Document | D10: V1.5
B12: ID | C12: Exigence | D12: Nature | E12: Catégorie | F12: Exigence indéfiée pendant la phase | G12: Description de l'exigence | H12: Source | I12: Description de la solution ADDIXO | J12: GAP globale avec la solution standard | K12: Écart entre exigence client et la solution proposée - préciser aussi les limites et hypothèses si applicable | L12: Validation Interne | M12: Colonne1 | N12: Colonne2 | O12: Colonne3 | P12: Colonne4 | Q12: Colonne5 | R12: Colonne6 | S12: Colonne7 | T12: Colonne8 | U12: Colonne9 | V12: Colonne10 | W12: Colonne11 | X12: Colonne12 | Y12: Colonne13 | Z12: Colonne14 | AA12: Validation Interne par: | AB12: Statut Client | AC12: HJ Dev | AD12: HJ Analyse et test | AE12: Total HJ | AF12: Description comment la conception de la solution prend en compte l'exigence client | AG12: Conception réalisée par: | AH12: Revue conception réalisée par | AI12: Vérification de la conception réalisée par | AJ12: Preuve de vérification | AK12: Notes
B13: E001 | C13: Configuration de l'usine | D13: Fonctionnelle | E13: SF-Fonctionnelle | F13: Commerciale | G13: Configurer les données de l'usine | I13: La solution offre un Module Core permettant la configuration complète de l'usine: - Modélisation hiérarchique de l'usine: Sites, ateliers, lignes, postes, machines. - Gestion des produits et des palettes. - Gestion des unités. - Gestion des défaut qualité et des pannes machines. - Gestion des utilisateurs et des autorisations: Rôles et accès contrôlés. - Gestion des équipes: Production, qualité, maintenance. - Planification des lignes et des équipes: Cycles, équipes, calendrier de travail. - Configuration des panels. - Configuration des imprimantes. etc. | J13: Standard | L13: Validée | AA13: Mahdi B. | AB13: Non validée par client | AC13: 0 | AD13: =Tableau3[[#This Row],[HJ Dev]]*(75%) -> 0 | AE13: =Tableau3[[#This Row],[HJ Dev]]+Tableau3[[#This Row],[HJ Analyse et test]] -> 0
B14: E002 | C14: Configuration des produits | D14: Fonctionnelle | E14: SF-Fonctionnelle | F14: Commerciale | G14: Configurer les produits en poids, en métrage linéaire et en pièce | I14: Adaptation Permettre au niveau de la configuration des produits : - L'ajout d'une nouvelle unité de mesure (ex. kg, mètres, pièces) pour chaque produit. Pour chaque unité, l'utilisateur saisit une valeur spécifique avec des tolérances . - L'ajout d'un taux de conversion entre les unités sélectionnées - L'ajout de la capacité maximale et minimale par palette en nombre de bobines filles. | J14: Gestion de production avec deux unités | K14: Hypothèse : Métrage min et max , poids min et max , capacité palette min et max sont différents pour chaque produit | L14: Validée | Q14: =[1]!Tableau32[[#This Row],[HJ Dev]]*(25%+25%) -> #REF! | R14: =[1]!Tableau32[[#This Row],[HJ Analyse et test]]+[1]!Tableau32[[#This Row],[HJ Dev]] -> #REF! | S14: =[1]!Tableau32[[#This Row],[Total HJ]]*8 -> #REF! | AA14: Mahdi B. | AB14: Non validée par client | AC14: 2 | AD14: =Tableau3[[#This Row],[HJ Dev]]*(75%) -> 1.5 | AE14: =Tableau3[[#This Row],[HJ Dev]]+Tableau3[[#This Row],[HJ Analyse et test]] -> 3.5
B15: E003 | C15: Chargement des données via des fichiers CSV | D15: Fonctionnelle | E15: SF-Fonctionnelle | F15: Commerciale | G15: Charger les données à partir des fichiers csv | I15: La solution comprend un module "Intégration SI" permettant l'intégration automatisée de données: Chargement automatique de données depuis des fichiers CSV ou des systèmes d'information clients. En supportant les entités produits, utilisateurs et outillages, avec une gestion détaillée des erreurs d'intégration. Adaptation : Adapter le fichier pour supporter deux unités avec les tolérancespour chaque produit | J15: Gestion de production avec deux unités | L15: Validée | Q15: =[1]!Tableau32[[#This Row],[HJ Dev]]*(25%+25%) -> #REF! | R15: =[1]!Tableau32[[#This Row],[HJ Analyse et test]]+[1]!Tableau32[[#This Row],[HJ Dev]] -> #REF! | S15: =[1]!Tableau32[[#This Row],[Total HJ]]*8 -> #REF! | AA15: Mahdi B. | AB15: Non validée par client | AC15: 0.5 | AD15: =Tableau3[[#This Row],[HJ Dev]]*(75%) -> 0.375 | AE15: =Tableau3[[#This Row],[HJ Dev]]+Tableau3[[#This Row],[HJ Analyse et test]] -> 0.875
B16: E004 | C16: Lecture des produits , matières et nomenclatures à partir du sage X3 | D16: Fonctionnelle | E16: SF-Fonctionnelle | F16: Commerciale | G16: Intégration et mis à jour des produits, matières et nomenclatures à partir du sage X3 via API | I16: Adaptation : Le module "Intégration SI" de la solution permet d'intégrer via webservice , des produits, matières et nomenclatures à partir du sage X3 manuellement ou automatiquement selon une fréquence choisie par le client . Le module "Intégration SI" de la solution permet l’importation des produits, nomenclatures et matières à partir du Sage X3 via webservice . L’intégration peut être réalisée soit manuellement, soit automatiquement, selon une fréquence définie par le client. En cas d’incompatibilité des champs transmis, la solution génère une alerte précisant les champs incorrects ou manquants, afin de garantir le succès de l’intégration. | J16: environnement spécifique Cogitel | K16: Cette exigences nécessite un travail de collaboration entre l'équipe MOMSOFT et le fournisseur ERP du Client. | Q16: =[1]!Tableau32[[#This Row],[HJ Dev]]*(25%+25%) -> #REF! | R16: =[1]!Tableau32[[#This Row],[HJ Analyse et test]]+[1]!Tableau32[[#This Row],[HJ Dev]] -> #REF! | S16: =[1]!Tableau32[[#This Row],[Total HJ]]*8 -> #REF! | AC16: 4 | AD16: =Tableau3[[#This Row],[HJ Dev]]*(75%) -> 3 | AE16: =Tableau3[[#This Row],[HJ Dev]]+Tableau3[[#This Row],[HJ Analyse et test]] -> 7
B17: E005 | C17: Lecture des OF à partir de sage X3 | D17: Fonctionnelle | E17: SF-Fonctionnelle | F17: Commerciale | G17: Automatiser l'intégration des OF à partir de Sage X3 via API | I17: Adaptation : Le module "Intégration SI" permet la lecture des Ordres de fabrication à partir de Sage X3 en utilisant les webservices. La lecture des OF peut s'effectuer automatiquement en fonction d'une fréquence choisie par le client ou en utilisant l'interface Intégration des OF pour un chargement à sa convenance. | J17: environnement spécifique Cogitel | K17: Cette exigences nécessite un travail de collaboration entre l'équipe MOMSOFT et le fournisseur ERP du Client. | L17: Validée | Q17: =[1]!Tableau32[[#This Row],[HJ Dev]]*(25%+25%) -> #REF! | R17: =[1]!Tableau32[[#This Row],[HJ Analyse et test]]+[1]!Tableau32[[#This Row],[HJ Dev]] -> #REF! | S17: =[1]!Tableau32[[#This Row],[Total HJ]]*8 -> #REF! | AA17: Mahdi B. | AB17: Non validée par client | AC17: 3 | AD17: =Tableau3[[#This Row],[HJ Dev]]*(75%) -> 2.25 | AE17: =Tableau3[[#This Row],[HJ Dev]]+Tableau3[[#This Row],[HJ Analyse et test]] -> 5.25
B18: E006 | C18: Gestion des Ordres de Fabrication | D18: Fonctionnelle | E18: SF-Fonctionnelle | F18: Commerciale | G18: Ajustement de la planification et gestion centralisée des OF | I18: La solution offre un module "Gestion des OF" , offrant les fonctionnalités suivantes : - Lancement simultané des OF sur plusieurs lignes de production en parallèle. - Gestion et suivi des statuts des OF: planifié, lancé, suspendu, changement de série, fermé. - Mise à jour en temps réel des statuts des OF. - Workflow paramétrable pour valider les changements de statut. - Ajustement dynamique de la planification en réponse aux aléas de production. - Gestion des changements de série. Adaptation : - Gestion des OF en série, incluant une configuration pour une ligne dédiée à la sortie de production, -Saisie des quantités objectifs en poids ou en métrage. | J18: OF multilignes en série | L18: Validée | Q18: =[1]!Tableau32[[#This Row],[HJ Dev]]*(25%+25%) -> #REF! | R18: =[1]!Tableau32[[#This Row],[HJ Analyse et test]]+[1]!Tableau32[[#This Row],[HJ Dev]] -> #REF! | S18: =[1]!Tableau32[[#This Row],[Total HJ]]*8 -> #REF! | AA18: Mahdi B. | AB18: Non validée par client | AC18: 6 | AD18: =Tableau3[[#This Row],[HJ Dev]]*(75%) -> 4.5 | AE18: =Tableau3[[#This Row],[HJ Dev]]+Tableau3[[#This Row],[HJ Analyse et test]] -> 10.5
B19: E007 | C19: Planification des opération | D19: Fonctionnelle | E19: SF-Fonctionnelle | F19: Commerciale | G19: Visualisation des planifications en temps réel | I19: La solution offre un module de planification des opérations permettant de consulter en temps réel l'état des OF. Les utilisateurs peuvent visualiser les OF en cours, leur avancement, ainsi que la disponibilité des lignes et ressources associées, avec mises à jour automatiques pour refléter les ajustements ou imprévus en production. | J19: Standard | L19: Validée | Q19: =[1]!Tableau32[[#This Row],[HJ Dev]]*(25%+25%) -> #REF! | R19: =[1]!Tableau32[[#This Row],[HJ Analyse et test]]+[1]!Tableau32[[#This Row],[HJ Dev]] -> #REF! | S19: =[1]!Tableau32[[#This Row],[Total HJ]]*8 -> #REF! | AA19: Mahdi B. | AB19: Non validée par client | AC19: 0 | AD19: =Tableau3[[#This Row],[HJ Dev]]*(75%) -> 0 | AE19: =Tableau3[[#This Row],[HJ Dev]]+Tableau3[[#This Row],[HJ Analyse et test]] -> 0
B20: E008 | C20: Fiche OK démarrage | D20: Fonctionnelle | E20: SF-Fonctionnelle | F20: Commerciale | G20: Génération des fiches de démarrage au lancement e l'OF | I20: la solution permet le contrôle de la qualité produit et process , comprenant les fonctionnalités : - Configuration des critères de contrôle : Définition des critères de mesure des produits (dimensions, aspects, etc.) Gestion des tolérances et spécifications par critère Gestion des paramètres et réglages machines - Génération automatique des contrôles : Des fiches de contrôle produit et réglages machines au démarrage. -Validation et Traçabilité : Workflow de validation à multi-niveaux des contrôles (validation régleur , validation qualiticien ..) . Archivage des résultats de contrôle | J20: Standard | L20: Validée | Q20: =[1]!Tableau32[[#This Row],[HJ Dev]]*(25%+25%) -> #REF! | R20: =[1]!Tableau32[[#This Row],[HJ Analyse et test]]+[1]!Tableau32[[#This Row],[HJ Dev]] -> #REF! | S20: =[1]!Tableau32[[#This Row],[Total HJ]]*8 -> #REF! | AA20: Mahdi B. | AB20: Non validée par client | AC20: 0 | AD20: =Tableau3[[#This Row],[HJ Dev]]*(75%) -> 0 | AE20: =Tableau3[[#This Row],[HJ Dev]]+Tableau3[[#This Row],[HJ Analyse et test]] -> 0
B21: E009 | C21: Instruction de travail par référence produit | D21: Fonctionnelle | E21: SF-Fonctionnelle | F21: Commerciale | G21: Chargement , affectation et visualisions des fiches d'instruction par produits | I21: La solution offre un module "Instruction de travail" qui permet : -Chargement : Importation des fichiers d'instructions. - Catégorisation : Classification par processus qualité, maintenance ou production. -Affectation : Attribution des instructions par ligne et produit. - Gestion des Versions : Centralisation et gestion du versionnage des documents. -Accessibilité : Accès en temps réel aux instructions pour les opérateurs et l'équipe qualité à partir de l'OF. | J21: Standard | L21: Validée | Q21: =[1]!Tableau32[[#This Row],[HJ Dev]]*(25%+25%) -> #REF! | R21: =[1]!Tableau32[[#This Row],[HJ Analyse et test]]+[1]!Tableau32[[#This Row],[HJ Dev]] -> #REF! | S21: =[1]!Tableau32[[#This Row],[Total HJ]]*8 -> #REF! | AA21: Mahdi B. | AB21: Non validée par client | AC21: 0 | AD21: =Tableau3[[#This Row],[HJ Dev]]*(75%) -> 0 | AE21: =Tableau3[[#This Row],[HJ Dev]]+Tableau3[[#This Row],[HJ Analyse et test]] -> 0
B22: E010 | C22: Récupération du poids des bobines à partir des balances | D22: Fonctionnelle | E22: SF-Fonctionnelle | F22: Commerciale | G22: Récupération du poids des bobines à partir des balances | I22: Adaptation : Récupération automatique des données : Intégration avec la balance pour récupérer automatiquement le poids de chaque bobine produite. | J22: Environnement spécifique Cogitel | K22: Hypothèse : Ces informations seront récupérées à partir d'un fichier sur le serveur. | L22: Validée | Q22: =[1]!Tableau32[[#This Row],[HJ Dev]]*(25%+25%) -> #REF! | R22: =[1]!Tableau32[[#This Row],[HJ Analyse et test]]+[1]!Tableau32[[#This Row],[HJ Dev]] -> #REF! | S22: =[1]!Tableau32[[#This Row],[Total HJ]]*8 -> #REF! | AA22: Mahdi B. | AB22: Non validée par client | AC22: 5 | AD22: =Tableau3[[#This Row],[HJ Dev]]*(75%) -> 3.75 | AE22: =Tableau3[[#This Row],[HJ Dev]]+Tableau3[[#This Row],[HJ Analyse et test]] -> 8.75
B23: E011 | C23: Génération et impression étiquette bobine fille | D23: Fonctionnelle | E23: SF-Fonctionnelle | F23: Commerciale | G23: Validation de la quantité produite (bobine fille) en poids et mètre linéaire et déclenchement de l'impression étiquette bobine fille | I23: Adaptation : La solution permet de : - Afficher le poids récupéré de la balance de la bobine fille - Introduire le métrage linéaire du bobine fille - Valider le poids et le métrage linéaire selon le taux de conversion : Contrôle du métrage pour s'assurer que le métrage et poids récupéré ne soit pas inférieur au métrage et poids exigés, tel que défini dans la configuration du produit et affichage d'une alerte en cas de non-conformité . - Générer une étiquette pour la bobine fille | J23: Environnement spécifique Cogitel | Q23: =[1]!Tableau32[[#This Row],[HJ Dev]]*(25%+25%) -> #REF! | R23: =[1]!Tableau32[[#This Row],[HJ Analyse et test]]+[1]!Tableau32[[#This Row],[HJ Dev]] -> #REF! | S23: =[1]!Tableau32[[#This Row],[Total HJ]]*8 -> #REF! | AC23: 3 | AD23: =Tableau3[[#This Row],[HJ Dev]]*(75%) -> 2.25 | AE23: =Tableau3[[#This Row],[HJ Dev]]+Tableau3[[#This Row],[HJ Analyse et test]] -> 5.25
B24: E012 | C24: Réimpression étiquette bobine fille | D24: Fonctionnelle | E24: SF-Fonctionnelle | F24: Commerciale | G24: Réimpression étiquette bobine fille | I24: Adaptation : La solution permet d'enregistrer et d'imprimer directement l'étiquette de la bobine fille ou de la réimprimer . | J24: Environnement spécifique Cogitel | K24: Cette exigence nécessite l'envoi d'une signale d'impression du panel à l'imprimante | Q24: =[1]!Tableau32[[#This Row],[HJ Dev]]*(25%+25%) -> #REF! | R24: =[1]!Tableau32[[#This Row],[HJ Analyse et test]]+[1]!Tableau32[[#This Row],[HJ Dev]] -> #REF! | S24: =[1]!Tableau32[[#This Row],[Total HJ]]*8 -> #REF! | AC24: 1 | AD24: =Tableau3[[#This Row],[HJ Dev]]*(75%) -> 0.75 | AE24: =Tableau3[[#This Row],[HJ Dev]]+Tableau3[[#This Row],[HJ Analyse et test]] -> 1.75
B25: E013 | C25: Fiche Machine : Déclaration de production en utilisant plusieurs unités ( par bobine fille et par palette ) | D25: Fonctionnelle | E25: SF-Fonctionnelle | F25: Commerciale | G25: Déclaration des quantités produite et non-conforme en Kg, en mètre et en pièces (pour les sleeveuses) par bobine et par palette. | I25: Adaptation : La solution proposée permettra de crée une fiche machine par opérateur et par shift permet : - Le suivi de la consommation de la bobine mère : Tracer la consommation de la bobine mère en temps réel, avec possibilité d'ajouter une nouvelle bobine mère en cours de production. L'opérateur doit saisir la référence et les informations relatives à la bobine mère avant de commencer la production. - L'enregistrement automatiquement les quantités (selon les unités du produits) pour chaque bobine produite. - La génération automatique des palettes au démarrage de production - La gestion automatique et manuelle des palettes : remplissage et clôture - La déclaration manuelle des non-conformités par bobine, avec un suivi des défauts qualité et du lieu de détection - La gestion des déchets déclarés et non déclarés. - La gestion des restes non consommés de la bobine mère . - Un workflow de validation - Un accès limité de modification | J25: Assurer la traçabilité palettes et bobines | L25: Validée | Q25: =[1]!Tableau32[[#This Row],[HJ Dev]]*(25%+25%) -> #REF! | R25: =[1]!Tableau32[[#This Row],[HJ Analyse et test]]+[1]!Tableau32[[#This Row],[HJ Dev]] -> #REF! | S25: =[1]!Tableau32[[#This Row],[Total HJ]]*8 -> #REF! | AA25: Mahdi B. | AB25: Non validée par client | AC25: 16 | AD25: =Tableau3[[#This Row],[HJ Dev]]*(75%) -> 12 | AE25: =Tableau3[[#This Row],[HJ Dev]]+Tableau3[[#This Row],[HJ Analyse et test]] -> 28
B26: E014 | C26: Suivi de la qualité : Fiche d'auto-contrôle | D26: Fonctionnelle | E26: SF-Fonctionnelle | F26: Commerciale | G26: Digitaliser la génération et le remplissage des fiches de contrôle par bobine fille | I26: La fiche suivi de la solution permet de : - Générer automatiquement ou manuellement des fiches de suivi dédiées aux opérateurs , sous forme de check-lists, basées sur des critères qualité définis pour chaque bobine, avec les résultats (conforme/non conforme) et les valeurs associées. - Afficher des instructions pour les inspections à réaliser et suivre un workflow de validation des fiches de suivi. - Historiser et suivre toutes les fiches de suivi pour assurer une traçabilité complète. Adaptation : Ajouter des champs dans la fiche d'auto-contrôle pour identification de la matière (bobine mère ) , bobine fille et palette. Adapter la génération de la fiche d'auto-contrôle à la génération de l'étiquette bobine fille . | J26: Assurer le contrôle de la qualité des palettes et bobines | Q26: =[1]!Tableau32[[#This Row],[HJ Dev]]*(25%+25%) -> #REF! | R26: =[1]!Tableau32[[#This Row],[HJ Analyse et test]]+[1]!Tableau32[[#This Row],[HJ Dev]] -> #REF! | S26: =[1]!Tableau32[[#This Row],[Total HJ]]*8 -> #REF! | AC26: 2 | AD26: =Tableau3[[#This Row],[HJ Dev]]*(75%) -> 1.5 | AE26: =Tableau3[[#This Row],[HJ Dev]]+Tableau3[[#This Row],[HJ Analyse et test]] -> 3.5
B27: E015 | C27: Gestion des fiches de passation | D27: Fonctionnelle | E27: SF-Fonctionnelle | F27: Commerciale | G27: Gérer le changement de responsabilité en utilisant les fiches de passation | I27: Adaptation : La solution permet de générer automatiquement des fiches de passation contenant toutes les informations relatives au shift. La validation de ces fiches est nécessaire pour contrôler le changement de responsabilité. | J27: Assurer la traçabilité palettes et bobines | Q27: =[1]!Tableau32[[#This Row],[HJ Dev]]*(25%+25%) -> #REF! | R27: =[1]!Tableau32[[#This Row],[HJ Analyse et test]]+[1]!Tableau32[[#This Row],[HJ Dev]] -> #REF! | S27: =[1]!Tableau32[[#This Row],[Total HJ]]*8 -> #REF! | AC27: 3 | AD27: =Tableau3[[#This Row],[HJ Dev]]*(75%) -> 2.25 | AE27: =Tableau3[[#This Row],[HJ Dev]]+Tableau3[[#This Row],[HJ Analyse et test]] -> 5.25
B28: E016 | C28: Génération et impression des étiquette pour les palettes | D28: Fonctionnelle | E28: SF-Fonctionnelle | F28: Commerciale | G28: Génération et impression d'étiquettes automatique à la fermeture de palette | I28: Adaptation : Une fois qu'une palette est clôturée, la solution génère automatiquement une étiquette contenant les informations essentielles (Code à barre , code produit, poids, mètre linéaire, etc.). | J28: Assurer la traçabilité palettes et bobines | L28: Validée | Q28: =[1]!Tableau32[[#This Row],[HJ Dev]]*(25%+25%) -> #REF! | R28: =[1]!Tableau32[[#This Row],[HJ Analyse et test]]+[1]!Tableau32[[#This Row],[HJ Dev]] -> #REF! | S28: =[1]!Tableau32[[#This Row],[Total HJ]]*8 -> #REF! | AA28: Mahdi B. | AB28: Non validée par client | AC28: 3 | AD28: =Tableau3[[#This Row],[HJ Dev]]*(75%) -> 2.25 | AE28: =Tableau3[[#This Row],[HJ Dev]]+Tableau3[[#This Row],[HJ Analyse et test]] -> 5.25
B29: E017 | C29: Fiche de contrôle: Libération | D29: Fonctionnelle | E29: SF-Fonctionnelle | F29: Commerciale | G29: Génération automatique et manuelle des fiches de contrôle (libération ) à la clôture de la palette | I29: Adaptation : La solution propose de créer automatiquement à la clôture de la palette ou manuellement les fiches de contrôle (libération) sous forme de check-list, contenant tous les critères à contrôler par palette . - Gestion des statuts des palettes ( libérée , en attente de libération , en attente d'analyse, Libérée avec dérogation , bloquée ) - Envoie d'une notification au magasinier une fois le statut de la palette est libérée ou libérée avec dérogation . L'accès à ces fiches est limité aux agents qualité, avec une historisation complète et un suivi de toutes les fiches d'inspection pour assurer une traçabilité totale. De plus, la solution intègre un workflow de validation . | J29: Assurer le contrôle de la qualité des palettes et bobines | Q29: =[1]!Tableau32[[#This Row],[HJ Dev]]*(25%+25%) -> #REF! | R29: =[1]!Tableau32[[#This Row],[HJ Analyse et test]]+[1]!Tableau32[[#This Row],[HJ Dev]] -> #REF! | S29: =[1]!Tableau32[[#This Row],[Total HJ]]*8 -> #REF! | AC29: 6 | AD29: =Tableau3[[#This Row],[HJ Dev]]*(75%) -> 4.5 | AE29: =Tableau3[[#This Row],[HJ Dev]]+Tableau3[[#This Row],[HJ Analyse et test]] -> 10.5
B30: E018 | C30: Pré-déclaration de la palette dans Sage X3 | D30: Fonctionnelle | E30: SF-Fonctionnelle | F30: Commerciale | G30: Envoi de la palette au sage X3 avec un statut défini | I30: Adaptation : Envoi de la palette vers sage X3 avec un statut "en attente de libération" . | J30: Environnement spécifique Cogitel | K30: Cette exigence nécessite un travail de collaboration entre l'équipe MOMSOFT et le fournisseur ERP du Client. | Q30: =[1]!Tableau32[[#This Row],[HJ Dev]]*(25%+25%) -> #REF! | R30: =[1]!Tableau32[[#This Row],[HJ Analyse et test]]+[1]!Tableau32[[#This Row],[HJ Dev]] -> #REF! | S30: =[1]!Tableau32[[#This Row],[Total HJ]]*8 -> #REF! | AC30: 3 | AD30: =Tableau3[[#This Row],[HJ Dev]]*(75%) -> 2.25 | AE30: =Tableau3[[#This Row],[HJ Dev]]+Tableau3[[#This Row],[HJ Analyse et test]] -> 5.25
B31: E019 | C31: Suivi de la production et qualité en utilisant deux unités | D31: Fonctionnelle | E31: SF-Fonctionnelle | F31: Commerciale | G31: Suivi et historisation de la production et qualité par poids et mètre linéaire | I31: Adaptation : La solution permet de suivre et d'historiser la production et la qualité par OF, par shift, et par bobine. Des colonnes supplémentaires sont proposées pour afficher les quantités en poids et en mètres linéaires. | J31: Gestion de production avec deux unités | L31: Validée | Q31: =[1]!Tableau32[[#This Row],[HJ Dev]]*(25%+25%) -> #REF! | R31: =[1]!Tableau32[[#This Row],[HJ Analyse et test]]+[1]!Tableau32[[#This Row],[HJ Dev]] -> #REF! | S31: =[1]!Tableau32[[#This Row],[Total HJ]]*8 -> #REF! | AA31: Mahdi B. | AB31: Non validée par client | AC31: 5 | AD31: =Tableau3[[#This Row],[HJ Dev]]*(75%) -> 3.75 | AE31: =Tableau3[[#This Row],[HJ Dev]]+Tableau3[[#This Row],[HJ Analyse et test]] -> 8.75
B32: E020 | C32: Gestion des Rework | D32: Fonctionnelle | E32: SF-Fonctionnelle | F32: Commerciale | G32: Création des ordres de Rework | I32: Adaptation : La solution proposée permet de crée et gérer des OF de Rework avec le même code OF dès la déclaration d'un incident de qualité nécessitant un traitement. Les OF de Rework seront marqués pour les identifier. | J32: Assurer le contrôle de la qualité des palettes et bobines | L32: Validée | Q32: =[1]!Tableau32[[#This Row],[HJ Dev]]*(25%+25%) -> #REF! | R32: =[1]!Tableau32[[#This Row],[HJ Analyse et test]]+[1]!Tableau32[[#This Row],[HJ Dev]] -> #REF! | S32: =[1]!Tableau32[[#This Row],[Total HJ]]*8 -> #REF! | AA32: Mahdi B. | AB32: Non validée par client | AC32: 4 | AD32: =Tableau3[[#This Row],[HJ Dev]]*(75%) -> 3 | AE32: =Tableau3[[#This Row],[HJ Dev]]+Tableau3[[#This Row],[HJ Analyse et test]] -> 7
B33: E021 | C33: Fiche de réception magasin | D33: Fonctionnelle | E33: SF-Fonctionnelle | F33: Commerciale | G33: Génération automatique de la fiche de contrôle par palette | I33: Adaptation : La solution permet de générer automatiquement ou manuellement une fiche de contrôle après libération d’une palette, afin de la valider avant le conditionnement. Cette fiche dédié au magasinier , se présente sous la forme d’une check-list de contrôle, avec des paramètres configurables. Elle permet également de vérifier le taux de conversion réel par rapport au taux théorique. De plus, la solution inclut un workflow de validation et garantit une historisation complète des fiches. | J33: Assurer le contrôle de la qualité des palettes et bobines | Q33: =[1]!Tableau32[[#This Row],[HJ Dev]]*(25%+25%) -> #REF! | R33: =[1]!Tableau32[[#This Row],[HJ Analyse et test]]+[1]!Tableau32[[#This Row],[HJ Dev]] -> #REF! | S33: =[1]!Tableau32[[#This Row],[Total HJ]]*8 -> #REF! | AC33: 4 | AD33: =Tableau3[[#This Row],[HJ Dev]]*(75%) -> 3 | AE33: =Tableau3[[#This Row],[HJ Dev]]+Tableau3[[#This Row],[HJ Analyse et test]] -> 7
B34: E022 | C34: Certificat d'analyse laboratoire | D34: Fonctionnelle | E34: SF-Fonctionnelle | F34: Commerciale | G34: Création et consultation des certificats d'analyse laboratoire | I34: Adaptation : La solution permet de créer , consulter et imprimer des certificat d'analyse laboratoire contenant une synthèse des contrôles réalisés par critère . | J34: Assurer le contrôle de la qualité des palettes et bobines | Q34: =[1]!Tableau32[[#This Row],[HJ Dev]]*(25%+25%) -> #REF! | R34: =[1]!Tableau32[[#This Row],[HJ Analyse et test]]+[1]!Tableau32[[#This Row],[HJ Dev]] -> #REF! | S34: =[1]!Tableau32[[#This Row],[Total HJ]]*8 -> #REF! | AC34: 5 | AD34: =Tableau3[[#This Row],[HJ Dev]]*(75%) -> 3.75 | AE34: =Tableau3[[#This Row],[HJ Dev]]+Tableau3[[#This Row],[HJ Analyse et test]] -> 8.75
B35: E023 | C35: Génération et impression de la deuxième étiquette pour les palettes | D35: Fonctionnelle | E35: SF-Fonctionnelle | F35: Commerciale | G35: Génération et impression d'étiquettes automatique à la validation de la fiche de réception magasin | I35: Adaptation : Une fois qu'une fiche de réception magasin est validée par le magasinier , la solution permet de générer et imprimer une deuxième étiquette contenant les informations essentielles (Code à barre , code produit, poids, mètre linéaire, etc.). | J35: Assurer la traçabilité palettes et bobines | Q35: =[1]!Tableau32[[#This Row],[HJ Dev]]*(25%+25%) -> #REF! | R35: =[1]!Tableau32[[#This Row],[HJ Analyse et test]]+[1]!Tableau32[[#This Row],[HJ Dev]] -> #REF! | S35: =[1]!Tableau32[[#This Row],[Total HJ]]*8 -> #REF! | AC35: 2 | AD35: =Tableau3[[#This Row],[HJ Dev]]*(75%) -> 1.5 | AE35: =Tableau3[[#This Row],[HJ Dev]]+Tableau3[[#This Row],[HJ Analyse et test]] -> 3.5
B36: E024 | C36: Confirmation collage étiquette | D36: Fonctionnelle | E36: SF-Fonctionnelle | F36: Commerciale | G36: Scan des deux étiquettes, de comparer leurs données | I36: Adaptation : La solution exige de scanner les deux étiquettes, de vérifier la correspondance des données et d'informer l'utilisateur en cas de divergence, avant de déplacer la palette vers le stock. | J36: Assurer la traçabilité palettes et bobines | Q36: =[1]!Tableau32[[#This Row],[HJ Dev]]*(25%+25%) -> #REF! | R36: =[1]!Tableau32[[#This Row],[HJ Analyse et test]]+[1]!Tableau32[[#This Row],[HJ Dev]] -> #REF! | S36: =[1]!Tableau32[[#This Row],[Total HJ]]*8 -> #REF! | AC36: 2 | AD36: =Tableau3[[#This Row],[HJ Dev]]*(75%) -> 1.5 | AE36: =Tableau3[[#This Row],[HJ Dev]]+Tableau3[[#This Row],[HJ Analyse et test]] -> 3.5
B37: E025 | C37: Confirmation de la déclaration finale de la production pour l'ERP | D37: Fonctionnelle | E37: SF-Fonctionnelle | F37: Commerciale | G37: Déclaration finale de la production dans l'ERP | I37: Adaptation : La solution exige aux utilisateurs de confirmer la déclaration de production au niveau de l'ERP. | J37: Environnement spécifique Cogitel | Q37: =[1]!Tableau32[[#This Row],[HJ Dev]]*(25%+25%) -> #REF! | R37: =[1]!Tableau32[[#This Row],[HJ Analyse et test]]+[1]!Tableau32[[#This Row],[HJ Dev]] -> #REF! | S37: =[1]!Tableau32[[#This Row],[Total HJ]]*8 -> #REF! | AC37: 1 | AD37: =Tableau3[[#This Row],[HJ Dev]]*(75%) -> 0.75 | AE37: =Tableau3[[#This Row],[HJ Dev]]+Tableau3[[#This Row],[HJ Analyse et test]] -> 1.75
B38: E026 | C38: Écriture vers Sage X3 par Palette | D38: Fonctionnelle | E38: SF-Fonctionnelle | F38: Commerciale | G38: Retour des données des OF vers sage X3 | I38: Adaptation : La solution permet d'automatiser le retour des données des OF vers Sage X3 via webservices , les données envoyées inclut la quantité produite par palette en poids et en mètres linéaires avec un statut "en stock". | J38: Environnement spécifique Cogitel | K38: Cette adaptation nécessite la collaboration avec l'intégrateur ERP de client . | L38: Validée | Q38: =[1]!Tableau32[[#This Row],[HJ Dev]]*(25%+25%) -> #REF! | R38: =[1]!Tableau32[[#This Row],[HJ Analyse et test]]+[1]!Tableau32[[#This Row],[HJ Dev]] -> #REF! | S38: =[1]!Tableau32[[#This Row],[Total HJ]]*8 -> #REF! | AA38: Mahdi B. | AB38: Non validée par client | AC38: 2 | AD38: =Tableau3[[#This Row],[HJ Dev]]*(75%) -> 1.5 | AE38: =Tableau3[[#This Row],[HJ Dev]]+Tableau3[[#This Row],[HJ Analyse et test]] -> 3.5
B39: E027 | C39: Gestion et suivi des arrêts | D39: Fonctionnelle | E39: SF-Fonctionnelle | F39: Commerciale | G39: Suivi des arrêts de production | I39: La solution permet d'arrêter manuellement la production, en précisant les causes d'arrêt configurées. Elle offre un suivi détaillé de la durée d'arrêt et de l'occurrence des différentes causes. | J39: Standard | L39: Validée | Q39: =[1]!Tableau32[[#This Row],[HJ Dev]]*(25%+25%) -> #REF! | R39: =[1]!Tableau32[[#This Row],[HJ Analyse et test]]+[1]!Tableau32[[#This Row],[HJ Dev]] -> #REF! | S39: =[1]!Tableau32[[#This Row],[Total HJ]]*8 -> #REF! | AA39: Mahdi B. | AB39: Non validée par client | AC39: 0 | AD39: =Tableau3[[#This Row],[HJ Dev]]*(75%) -> 0 | AE39: =Tableau3[[#This Row],[HJ Dev]]+Tableau3[[#This Row],[HJ Analyse et test]] -> 0
B40: E028 | C40: Compte Rendu OF | D40: Fonctionnelle | E40: SF-Fonctionnelle | F40: Commerciale | G40: Récapitulation de données de l'OF dans un compte rendu | I40: La solution offre une interface "Résumé OF" contenant tous les données concernant l'OF : Production , Qualité , maintenance prêt à imprimer . Adaptation : Adapter les détails de production par shift de l'OF pour inclure les informations depuis la fiche machines . | J40: Assurer la traçabilité palettes et bobines | Q40: =[1]!Tableau32[[#This Row],[HJ Dev]]*(25%+25%) -> #REF! | R40: =[1]!Tableau32[[#This Row],[HJ Analyse et test]]+[1]!Tableau32[[#This Row],[HJ Dev]] -> #REF! | S40: =[1]!Tableau32[[#This Row],[Total HJ]]*8 -> #REF! | AC40: 2 | AD40: =Tableau3[[#This Row],[HJ Dev]]*(75%) -> 1.5 | AE40: =Tableau3[[#This Row],[HJ Dev]]+Tableau3[[#This Row],[HJ Analyse et test]] -> 3.5
B41: E029 | C41: Suivi de la production en temps réel | D41: Fonctionnelle | E41: SF-Fonctionnelle | F41: Commerciale | G41: Suivi en temps réel des KPIs , des durées d'arrêts et des quantités en poids et en mètre linéaire | H41: Suivi en temps réel des KPIs et des quantités par poids et par mètre linéaire | I41: La solution offre une supervision de production en temps réel avec le module "Vue 360°" permettant de : • Visualiser l'état des lignes en temps réel avec codification couleur paramétrable. •Suivie des indicateurs clés de performance (KPI): TRS équipe et OF ,Taux de performance, disponibilité et qualité •Suivre la progression des OF. •Analyser des arrêts: Durées, causes et nombre d'occurrences. •Visualiser la production et non-conformité en temps réel: Production totale et horaire par équipe , Non-conformité totale et horaire par équipe avec catégorisation par défaut qualité. Adaptation : ajouter l'option de visualiser la progression de l'OF , la quantité totale produite , la non-conformité en poids et en métrage. | J41: Gestion de production avec deux unités | L41: Validée | Q41: =[1]!Tableau32[[#This Row],[HJ Dev]]*(25%+25%) -> #REF! | R41: =[1]!Tableau32[[#This Row],[HJ Analyse et test]]+[1]!Tableau32[[#This Row],[HJ Dev]] -> #REF! | S41: =[1]!Tableau32[[#This Row],[Total HJ]]*8 -> #REF! | AA41: Mahdi B. | AB41: Non validée par client | AC41: 4 | AD41: =Tableau3[[#This Row],[HJ Dev]]*(75%) -> 3 | AE41: =Tableau3[[#This Row],[HJ Dev]]+Tableau3[[#This Row],[HJ Analyse et test]] -> 7
B42: E030 | C42: Tableau de bord qualité | D42: Fonctionnelle | E42: SF-Fonctionnelle | F42: Commerciale | G42: Analyse des données historique de la qualité en poids et en mètre linéaire : Rebut et Rework | I42: La solution offre un tableau de bord qualité fournissant une vue multiniveaux de la non-conformité , les défauts et leurs occurrence , un Pareto des défaut Adaptation : -Ajouter l'option de visualiser les quantités non conforme en poids et en métrage - Ajouter un chart pour visualiser le taux de Rework et de déchet par poids et par mètre linéaire | J42: Gestion de production avec deux unités | L42: Validée | Q42: =[1]!Tableau32[[#This Row],[HJ Dev]]*(25%+25%) -> #REF! | R42: =[1]!Tableau32[[#This Row],[HJ Analyse et test]]+[1]!Tableau32[[#This Row],[HJ Dev]] -> #REF! | S42: =[1]!Tableau32[[#This Row],[Total HJ]]*8 -> #REF! | AA42: Mahdi B. | AB42: Non validée par client | AC42: 3 | AD42: =Tableau3[[#This Row],[HJ Dev]]*(75%) -> 2.25 | AE42: =Tableau3[[#This Row],[HJ Dev]]+Tableau3[[#This Row],[HJ Analyse et test]] -> 5.25
B43: E031 | C43: Tableau de bord production | D43: Fonctionnelle | E43: SF-Fonctionnelle | F43: Commerciale | G43: Analyser l'évolution des indicateurs clés au cours du temps des lignes de production . | I43: la solution offre un tableau de bord fournissant une vue multi-niveaux de la production en utilisant des indicateurs clés : TRS, Quantité produite vs Quantité planifiée, Temps d'arrêt vs temps de production, etc. Adaptation : -Ajouter l'option de visualiser les indicateurs en poids et en mètre linéaires | J43: Gestion de production avec deux unités | L43: Validée | Q43: =[1]!Tableau32[[#This Row],[HJ Dev]]*(25%+25%) -> #REF! | R43: =[1]!Tableau32[[#This Row],[HJ Analyse et test]]+[1]!Tableau32[[#This Row],[HJ Dev]] -> #REF! | S43: =[1]!Tableau32[[#This Row],[Total HJ]]*8 -> #REF! | AA43: Mahdi B. | AB43: Non validée par client | AC43: 3 | AD43: =Tableau3[[#This Row],[HJ Dev]]*(75%) -> 2.25 | AE43: =Tableau3[[#This Row],[HJ Dev]]+Tableau3[[#This Row],[HJ Analyse et test]] -> 5.25
AC44: =SUBTOTAL(109,AC13:AC43) -> 94.5 | AD44: =SUBTOTAL(109,AD13:AD43) -> 70.875 | AE44: =SUBTOTAL(109,AE13:AE43) -> 165.375

Sheet Synthèse
A1: GAP globale avec la solution standard | B1: Sum of Total HJ
A2: Assurer la traçabilité palettes et bobines | B2: 49
A3: Assurer le contrôle de la qualité des palettes et bobines | B3: 36.75
A4: environnement spécifique Cogitel | B4: 38.5
A5: Gestion de production avec deux unités | B5: 30.625
A6: OF multilignes en série | B6: 10.5
A7: Standard | B7: 0
A8: Grand Total | B8: 165.375

Sheet Modifs Doc
B3: Gestion Exigences Projet
B5: ='Gestion Exigences'!C5 -> Client | C5: ='Gestion Exigences'!D5 -> COGITEL
B6: ='Gestion Exigences'!C6 -> Projet | C6: ='Gestion Exigences'!D6 -> Digitalisation Atelier Découpe
B7: ='Gestion Exigences'!C7 -> Réf BPA du Devis | C7: ='Gestion Exigences'!D7 -> 0
B8: ='Gestion Exigences'!C8 -> Réf BPA du Projet | C8: ='Gestion Exigences'!D8 -> 0
B9: ='Gestion Exigences'!C9 -> Réf Modèle Document | C9: ='Gestion Exigences'!D9 -> MD203
B10: ='Gestion Exigences'!C10 -> Version Modèle Document | C10: ='Gestion Exigences'!D10 -> V1.5
B13: Version | C13: Date | D13: Modifications | E13: Auteur(s) | F13: Vérificateur(s) | G13: Approbateur
B14: V1.0 | C14: 44741 | D14: Version interne (envoyée et validée par client) | E14: Nihel K. | F14: Amani S. | G14: Imed A.
B15: V1.1 | C15: 44978 | D15: Mise à jour des exigences après la visite du 15/17 février | E15: Nihel K. | F15: Mahdi B. | G15: Imed A.
B16: V1.2 | C16: 45021 | D16: Mise à jour des exigences : •Mise à jour des HJ des exigences •Rajout des nouvelles demandes au niveau de la fiche qualité "E019--E024" •Supprimer l'exigence E008 | E16: Nihel K. | F16: Mahdi B. + Ferjania B. | G16: Imed A.

Sheet Params
B2: Nature | C2: Exigence identifiée pendant la phase | D2: Source | E2: Oui/Non | F2: Statut Client | G2: Statut Interne | H2: Catégorie | I2: Type de la solution
B3: Fonctionnelle | C3: Commerciale | D3: CdC client | E3: Oui | F3: Validée par le client | G3: Validée | H3: *** SE | I3: Standard
B4: Performance | C4: Conception | D4: Workshop/réunion client | E4: Non | F4: Non validée par client | G4: Non validée | H4: SE-Processus | I4: Adaptaion
B5: Reglementaire | C5: Réalisation | D5: Workshop/réunion Interne | E5: N/A | H5: SE-Mécanique
B6: Sécurité | C6: Mise en œuvre | D6: Standards client | H6: SE-Electrique
B7: Standard Client | C7: Support et maintenance | D7: Standards ADDIXO | H7: SE-Soft
B8: Standard ADDIXO | D8: Reglementation | H8: SE-Auto
D9: Demande modification | H9: SE-Fabrication
H10: SE-Intégration
H11: SE-Achats
H13: *** SF
H14: SF-Processus
H15: SF-Fonctionnelle
H16: SF-Connectivité Machine
H17: SF-Intégration SI
H18: SF-Software
H19: SF-Infra IT
H21: *** TC
H22: TC-Prestations sur site client
