Workbook

Sheet Gestion Exigences
B2: Gestion Exigences Projet | N2: Chiffrage Réalisation (SF only) | Q2: Revue et Vérification Pendant la Conception
B4: BU | D4: SF | G4: SF
B5: Client | D5: Cotherm | G5: Cotherm
B6: Projet | D6: Mur qualité | G6: Suivi Performance
B7: Réf BPA du Devis | D7: S0-00xyz | G7: Zone de saisie
B8: Réf BPA du Projet | D8: PR-22-0xyz
B10: Réf Modèle Document | D10: MD203 | I10: Confidentiel | Usage Client Limité
B11: Version Modèle Document | D11: V1.5
B13: ID | C13: Intitulé Exigence | D13: Nature | E13: Catégorie | F13: Exigence idenfiée pendant la phase | G13: Description de l'exigence | H13: Source | I13: Desciption de la solution ADDIXO | J13: Ecart entre exigence client et la solution proposée - préciser aussi les limites et hypothèses si applicable | K13: Validation Interne | L13: Validation Interne par: | M13: Statut Client | N13: HJ Dev | O13: HJ Analyse et Test | P13: Total HJ | Q13: Description comment la conception de la solution prend en compte l'exigence client | R13: Conception réalisée par: | S13: Revue conception réalisée par | T13: Vérification de la conception réalisée par | U13: Preuve de vérification | V13: Notes
B14: E001 | C14: Déclaration de production | G14: Utiliser le module EoL pour déclaration des quantités produites. | I14: Utiliser le module EoL pour déclaration des quantités produites. | N14: 0 | O14: =Tableau3[[#This Row],[HJ Dev]]*(35%+15%) -> 0 | P14: =Tableau3[[#This Row],[HJ Analyse et Test]]+Tableau3[[#This Row],[HJ Dev]] -> 0
B15: E002 | C15: Intégration Module End Of Line | G15: Intégrer le module End Of Line avec la vue 360° et les tableaux de bord Standards de Smart Factory | I15: Intégrer le module End Of Line avec la vue 360° et les tableaux de bord Standards de Smart Factory Création automatique des OF (En mode Auto). Gestion des OF : Suspension, Clôture | J15: RAS | N15: 4 | O15: =Tableau3[[#This Row],[HJ Dev]]*(35%+15%) -> 2 | P15: =Tableau3[[#This Row],[HJ Analyse et Test]]+Tableau3[[#This Row],[HJ Dev]] -> 6
B16: E003 | C16: Suivi des arrêts | G16: En cas d'absence de production un arrêt automatique est déclenché sur la ligne avec possiblité de lancer des arrêts manuels au besoin. | I16: Utiliser le paramètre arrêt forcé pour déclencher des arrêts en cas d'absence de production pour une durée de temps paramètrable. Utiliser l'arrêt manuel à partir de l'interface détails ligne. Adaptation : Paramètrer l'accès au modal des arrêts | J16: RAS | N16: 0 | O16: =Tableau3[[#This Row],[HJ Dev]]*(35%+15%) -> 0 | P16: =Tableau3[[#This Row],[HJ Analyse et Test]]+Tableau3[[#This Row],[HJ Dev]] -> 0
B17: E004 | C17: Déclaration des Non-conformités | G17: Déclarer les pièces non-conformes et leurs défauts | I17: Utiliser l'interface de comptage pour déclarer les non-conformités et les défauts. | J17: RAS | N17: 0 | O17: =Tableau3[[#This Row],[HJ Dev]]*(35%+15%) -> 0 | P17: =Tableau3[[#This Row],[HJ Analyse et Test]]+Tableau3[[#This Row],[HJ Dev]] -> 0
B18: E005 | C18: Vue 360° | G18: Utiliser la vue 360° pour le suivi temps réel des indicateurs de production | I18: Utiliser la vue 360° pour le suivi temps réel des indicateurs de production | N18: 0 | O18: =Tableau3[[#This Row],[HJ Dev]]*(35%+15%) -> 0 | P18: =Tableau3[[#This Row],[HJ Analyse et Test]]+Tableau3[[#This Row],[HJ Dev]] -> 0
B19: E006 | C19: Tableau de bord | G19: Utiliser les tableaux de bord Production et Qualité pour consulter et analyser l'historique de production | I19: Utiliser les tableaux de bord Production et Qualité pour consulter et analyser l'historique de production | N19: 0 | O19: =Tableau3[[#This Row],[HJ Dev]]*(35%+15%) -> 0 | P19: =Tableau3[[#This Row],[HJ Analyse et Test]]+Tableau3[[#This Row],[HJ Dev]] -> 0
B20: E007 | C20: Ajouter la configuration des Produits EoL | G20: Ajouter les champs nécessaires pour le fonctionnement du module EoL au niveau de la gestion Produit de la version Standard | I20: Ajouter les champs nécessaires pour le fonctionnement du module EoL au niveau du produit (22 Champs). | J20: RAS | N20: 0.5 | O20: =Tableau3[[#This Row],[HJ Dev]]*(35%+15%) -> 0.25 | P20: =Tableau3[[#This Row],[HJ Analyse et Test]]+Tableau3[[#This Row],[HJ Dev]] -> 0.75
B21: E008 | C21: Gestion des Cartons | G21: Intégrer la gestion des cartons dans la version standards | I21: Intégrer la gestion des cartons dans la version standards | J21: RAS | N21: 0.5 | O21: =Tableau3[[#This Row],[HJ Dev]]*(35%+15%) -> 0.25 | P21: =Tableau3[[#This Row],[HJ Analyse et Test]]+Tableau3[[#This Row],[HJ Dev]] -> 0.75
B22: E009 | C22: Gestion des Intercalaires | G22: Intégrer la gestion des intercalaires dans la version standard | I22: Intégrer la gestion des intercalaires dans la version standard | J22: RAS | N22: 0.5 | O22: =Tableau3[[#This Row],[HJ Dev]]*(35%+15%) -> 0.25 | P22: =Tableau3[[#This Row],[HJ Analyse et Test]]+Tableau3[[#This Row],[HJ Dev]] -> 0.75
B23: E010 | C23: Gestion des instructions | G23: Intégrer la gestion des instructions dans la version standard | I23: Intégrer la gestion des instructions dans la version standard | J23: RAS | N23: 0.5 | O23: =Tableau3[[#This Row],[HJ Dev]]*(35%+15%) -> 0.25 | P23: =Tableau3[[#This Row],[HJ Analyse et Test]]+Tableau3[[#This Row],[HJ Dev]] -> 0.75
B24: E011 | C24: Gestion des accessoires | G24: Intégrer la gestion des accessoires dans la version standard | I24: Intégrer la gestion des acceccoires dans la version standard | J24: RAS | N24: 0.5 | O24: =Tableau3[[#This Row],[HJ Dev]]*(35%+15%) -> 0.25 | P24: =Tableau3[[#This Row],[HJ Analyse et Test]]+Tableau3[[#This Row],[HJ Dev]] -> 0.75
B25: E012 | C25: Gestion des imprimantes | G25: Intégrer la gestion des imprimantes dans la version standard | I25: Intégrer la gestion des imprimantes dans la version standard | J25: RAS | N25: 0.5 | O25: =Tableau3[[#This Row],[HJ Dev]]*(35%+15%) -> 0.25 | P25: =Tableau3[[#This Row],[HJ Analyse et Test]]+Tableau3[[#This Row],[HJ Dev]] -> 0.75
B26: E013 | C26: Gestion des Edgebox | G26: Ajouter le champs 'Connected to printer' dans la gestion des EdgeBox | I26: Ajouter le champs 'Connected to printer' dans la gestion des EdgeBox | J26: RAS | N26: 0.5 | O26: =Tableau3[[#This Row],[HJ Dev]]*(35%+15%) -> 0.25 | P26: =Tableau3[[#This Row],[HJ Analyse et Test]]+Tableau3[[#This Row],[HJ Dev]] -> 0.75
B27: E014 | C27: Consultation Log | G27: Intégrer la consultation des logs dans la version standard | I27: Intégrer la consultation des logs dans la version standard | J27: RAS | N27: 0.5 | O27: =Tableau3[[#This Row],[HJ Dev]]*(35%+15%) -> 0.25 | P27: =Tableau3[[#This Row],[HJ Analyse et Test]]+Tableau3[[#This Row],[HJ Dev]] -> 0.75
B28: E015 | C28: Seuil Vibration | G28: Ajouter le seuil de vibration dans la version standard | I28: Ajouter le seuil de vibration dans la version standard en ajoutant un contrôle d'affectation par ligne | J28: RAS | N28: 1 | O28: =Tableau3[[#This Row],[HJ Dev]]*(35%+15%) -> 0.5 | P28: =Tableau3[[#This Row],[HJ Analyse et Test]]+Tableau3[[#This Row],[HJ Dev]] -> 1.5
B29: E016 | C29: Intégration des Produits | G29: Porter l'intégration des Produits EoL vers la version Standard | I29: Porter l'intégration des Produits EoL vers la version Standard | J29: RAS | N29: 0.5 | O29: =Tableau3[[#This Row],[HJ Dev]]*(35%+15%) -> 0.25 | P29: =Tableau3[[#This Row],[HJ Analyse et Test]]+Tableau3[[#This Row],[HJ Dev]] -> 0.75
B30: E017 | C30: Migration de l'interface Déclaration de la production | G30: Porter l'interface Déclaration de la production vers la version standard Smart factory | I30: Porter l'interface Déclaration de la production vers la version standard Smart factory | J30: RAS | N30: 1 | O30: =Tableau3[[#This Row],[HJ Dev]]*(35%+15%) -> 0.5 | P30: =Tableau3[[#This Row],[HJ Analyse et Test]]+Tableau3[[#This Row],[HJ Dev]] -> 1.5
B31: E007 | C31: Migration Module End Of Line | G31: Intégrer le module End of line dans la version standard Smart factory | I31: Porter l'interface End of line vers la version standard Smart factory | J31: RAS | N31: 3 | O31: =Tableau3[[#This Row],[HJ Dev]]*(35%+15%) -> 1.5 | P31: =Tableau3[[#This Row],[HJ Analyse et Test]]+Tableau3[[#This Row],[HJ Dev]] -> 4.5
N32: =SUBTOTAL(109,Tableau3[HJ Dev]) -> 7 | O32: =SUBTOTAL(109,Tableau3[HJ Analyse et Test]) -> 3.5 | P32: =SUBTOTAL(109,Tableau3[Total HJ]) -> 10.5

Sheet Feuil1
E6: End_Line
E8: OF | F8: Line | G8: Produit | H8: Qté Actuel
H9: 80

Sheet Modifs Doc
B3: Gestion Exigences Projet
B5: ='Gestion Exigences'!B5 -> Client | D5: ='Gestion Exigences'!D5 -> Cotherm
B6: ='Gestion Exigences'!B6 -> Projet | D6: ='Gestion Exigences'!D6 -> Mur qualité
B7: ='Gestion Exigences'!B7 -> Réf BPA du Devis | D7: ='Gestion Exigences'!D7 -> S0-00xyz
B8: ='Gestion Exigences'!B8 -> Réf BPA du Projet | D8: ='Gestion Exigences'!D8 -> PR-22-0xyz
B10: ='Gestion Exigences'!B10 -> Réf Modèle Document | C10: ='Gestion Exigences'!D10 -> MD203
B11: ='Gestion Exigences'!B11 -> Version Modèle Document | C11: ='Gestion Exigences'!D11 -> V1.5
B13: Version | C13: Date | D13: Modifications | E13: Auteur(s) | F13: Vérificateur(s) | G13: Approbateur
B14: V1.0 | C14: 45219 | D14: Version initaile | E14: Nihel K. | F14: Mahdi B. + FerjaniaB. | G14: Imed A.

Sheet Params
B2: BU | C2: Nature | D2: Exigence identifiée pendant la phase | E2: Source | F2: Oui/Non | G2: Statut Client | H2: Statut Interne | I2: Catégorie | J2: Phase
B3: SE | C3: Fonctionnelle | D3: Commerciale | E3: CdC client | F3: Oui | G3: Validée par le client | H3: Validée | I3: *** SE | J3: Phase 1
B4: SE-TN | C4: Performance | D4: Conception | E4: Workshop/réunion client | F4: Non | G4: Non validée par client | H4: Non validée | I4: SE-Processus | J4: Phase 2
B5: SE-MA | C5: Reglementaire | D5: Réalisation | E5: Workshop/réunion Interne | F5: N/A | G5: N/A | H5: N/A | I5: SE-Mécanique | J5: Phase 3
B6: SF | C6: Sécurité | D6: Mise en œuvre | E6: Standards client | I6: SE-Electrique
B7: R&D | C7: Standard Client | D7: Support et maintenance | E7: Standards ADDIXO | I7: SE-Soft
B8: LOOYAS | C8: Standard ADDIXO | E8: Reglementation | I8: SE-Auto
B9: A définir | E9: Demande modification | I9: SE-Fabrication
I10: SE-Intégration
I11: SE-Achats
I13: *** SF
I14: SF-Processus
I15: SF-Fonctionnelle
I16: SF-Connectivité Machine
I17: SF-Intégration SI
I18: SF-Software
I19: SF-Infra IT
I21: *** TC
I22: TC-Prestations sur site client
