Workbook

Sheet Gestion Exigences
B2: Gestion Exigences Projet | AB2: Chiffrage Réalisation SF | AE2: Revue et Vérification pendant la Conception
C5: Client | D5: COGITEL
C6: Projet | D6: Digitalisation Atelier Découpe
C7: Réf BPA du Devis
C8: Réf BPA du Projet
C9: Réf Modèle Document | D9: MD203 | I9: Strictement Confidentiel
C10: Version Modèle Document | D10: V1.5
B12: ID | C12: Exigence | D12: Nature | E12: Catégorie | F12: Exigence indéfiée pendant la phase | G12: Description de l'exigence | H12: Source | I12: Description de la solution ADDIXO | J12: Écart entre exigence client et la solution proposée - préciser aussi les limites et hypothèses si applicable | K12: Validation Interne | L12: Colonne1 | M12: Colonne2 | N12: Colonne3 | O12: Colonne4 | P12: Colonne5 | Q12: Colonne6 | R12: Colonne7 | S12: Colonne8 | T12: Colonne9 | U12: Colonne10 | V12: Colonne11 | W12: Colonne12 | X12: Colonne13 | Y12: Colonne14 | Z12: Validation Interne par: | AA12: Statut Client | AB12: HJ Dev | AC12: HJ Analyse et test | AD12: Total HJ | AE12: Description comment la conception de la solution prend en compte l'exigence client | AF12: Conception réalisée par: | AG12: Revue conception réalisée par | AH12: Vérification de la conception réalisée par | AI12: Preuve de vérification | AJ12: Notes
B13: E001 | C13: Configuration de l'usine | D13: Fonctionnelle | E13: SF-Fonctionnelle | F13: Commerciale | G13: Configurer les données de l'usine | I13: La solution offre un Module Core permettant la configuration complète de l'usine: - Modélisation hiérarchique de l'usine: Sites, ateliers, lignes, postes, machines. - Gestion des produits et des palettes. - Gestion des unités. - Gestion des défaut qualité et des pannes machines. - Gestion des utilisateurs et des autorisations: Rôles et accès contrôlés. - Gestion des équipes: Production, qualité, maintenance. - Planification des lignes et des équipes: Cycles, équipes, calendrier de travail. - Configuration des panels etc. | K13: Validée | Z13: Mahdi B. | AA13: Non validée par client | AB13: 0 | AC13: =Tableau3[[#This Row],[HJ Dev]]*(50%+25%) -> 0 | AD13: =Tableau3[[#This Row],[HJ Dev]]+Tableau3[[#This Row],[HJ Analyse et test]] -> 0
B14: E002 | C14: Configuration produits | D14: Fonctionnelle | E14: SF-Fonctionnelle | F14: Commerciale | G14: Configurer les produits en poids, en mètrage linéaire et en pièce | I14: Adaptation Permettre au niveau de la configuration des produits : - L'ajout de plusieurs unités de mesure (ex. kg, mètres, pièces). Pour chaque unité, l'utilisateur saisit une valeur spécifique avec des tolérances . - L'ajout d'un taux de conversion entre les unités sélectionnées - L'ajout de la capacité maximale et minimale par palette en poids. | J14: Hypothèse : Mètrage min et max , poids min et max , capacité palette min et max sont différents pour chaque produit | K14: Validée | P14: =[1]!Tableau32[[#This Row],[HJ Dev]]*(25%+25%) -> #REF! | Q14: =[1]!Tableau32[[#This Row],[HJ Analyse et test]]+[1]!Tableau32[[#This Row],[HJ Dev]] -> #REF! | R14: =[1]!Tableau32[[#This Row],[Total HJ]]*8 -> #REF! | Z14: Mahdi B. | AA14: Non validée par client | AB14: 2 | AC14: =Tableau3[[#This Row],[HJ Dev]]*(50%+25%) -> 1.5 | AD14: =Tableau3[[#This Row],[HJ Dev]]+Tableau3[[#This Row],[HJ Analyse et test]] -> 3.5
B15: E003 | C15: Chargement des données via des fichiers CSV | D15: Fonctionnelle | E15: SF-Fonctionnelle | F15: Commerciale | G15: Charger les données à partir des fichiers csv | I15: La solution comprend un module "Intégration SI" permettant l'intégration automatisée de données: Chargement automatique de données depuis des fichiers CSV ou des systèmes d'information clients. En supportant les entités produits, utilisateurs et outillages, avec une gestion détaillée des erreurs d'intégration. Adaptation : Adapter le fichier pour supporter plusieurs unité pour chaque produit | K15: Validée | P15: =[1]!Tableau32[[#This Row],[HJ Dev]]*(25%+25%) -> #REF! | Q15: =[1]!Tableau32[[#This Row],[HJ Analyse et test]]+[1]!Tableau32[[#This Row],[HJ Dev]] -> #REF! | R15: =[1]!Tableau32[[#This Row],[Total HJ]]*8 -> #REF! | Z15: Mahdi B. | AA15: Non validée par client | AB15: 1 | AC15: =Tableau3[[#This Row],[HJ Dev]]*(50%+25%) -> 0.75 | AD15: =Tableau3[[#This Row],[HJ Dev]]+Tableau3[[#This Row],[HJ Analyse et test]] -> 1.75
B16: E004 | C16: Lecture des OF à partir de sage X3 | D16: Fonctionnelle | E16: SF-Fonctionnelle | F16: Commerciale | G16: Automatiser l'intégration des OF à partir de Sage X3 via API | I16: le module "Intégration SI" permet la lecture des Ordres de fabrication à partir de Sage X3 en utilisant les webservices. La lecture des OF peut s'effectuer automatiquement en fonction d'une fréquence choisie par le client ou en utilisant l'interface Intégration des OF pour un chargement à sa convenance. | J16: Cette exigences nécessite un travail de collaboration entre l'équipe MOMSOFT et le fournisseur ERP du Client. | K16: Validée | P16: =[1]!Tableau32[[#This Row],[HJ Dev]]*(25%+25%) -> #REF! | Q16: =[1]!Tableau32[[#This Row],[HJ Analyse et test]]+[1]!Tableau32[[#This Row],[HJ Dev]] -> #REF! | R16: =[1]!Tableau32[[#This Row],[Total HJ]]*8 -> #REF! | Z16: Mahdi B. | AA16: Non validée par client | AB16: 5 | AC16: =Tableau3[[#This Row],[HJ Dev]]*(50%+25%) -> 3.75 | AD16: =Tableau3[[#This Row],[HJ Dev]]+Tableau3[[#This Row],[HJ Analyse et test]] -> 8.75
B17: E005 | C17: Gestion des Ordres de Fabrication | D17: Fonctionnelle | E17: SF-Fonctionnelle | F17: Commerciale | G17: Ajustement de la planification et gestion centralisée des OF | I17: La solution permet : - Lancement des OF sur plusieurs lignes en parallèle ou en série - Gestion et suivi des différents statuts des OF (planifié, lancé, suspendu, changement de série, etc.) - Mise à jour en temps réel des statuts - Workflow de validation des changements de statut paramétrables - Ajustement de la planification en cas d'aléas - Gestion du changement de série de chaque OF | K17: Validée | P17: =[1]!Tableau32[[#This Row],[HJ Dev]]*(25%+25%) -> #REF! | Q17: =[1]!Tableau32[[#This Row],[HJ Analyse et test]]+[1]!Tableau32[[#This Row],[HJ Dev]] -> #REF! | R17: =[1]!Tableau32[[#This Row],[Total HJ]]*8 -> #REF! | Z17: Mahdi B. | AA17: Non validée par client | AB17: 5 | AC17: =Tableau3[[#This Row],[HJ Dev]]*(50%+25%) -> 3.75 | AD17: =Tableau3[[#This Row],[HJ Dev]]+Tableau3[[#This Row],[HJ Analyse et test]] -> 8.75
B18: E006 | C18: Planification des opération | D18: Fonctionnelle | E18: SF-Fonctionnelle | F18: Commerciale | G18: Visualisation des planifications en temps réel | I18: La solution offre un module de planification des opérations permettant de consulter en temps réel l'état des OF. Les utilisateurs peuvent visualiser les OF en cours, leur avancement, ainsi que la disponibilité des lignes et ressources associées, avec mises à jour automatiques pour refléter les ajustements ou imprévus en production. | K18: Validée | P18: =[1]!Tableau32[[#This Row],[HJ Dev]]*(25%+25%) -> #REF! | Q18: =[1]!Tableau32[[#This Row],[HJ Analyse et test]]+[1]!Tableau32[[#This Row],[HJ Dev]] -> #REF! | R18: =[1]!Tableau32[[#This Row],[Total HJ]]*8 -> #REF! | Z18: Mahdi B. | AA18: Non validée par client | AB18: 0 | AC18: =Tableau3[[#This Row],[HJ Dev]]*(50%+25%) -> 0 | AD18: =Tableau3[[#This Row],[HJ Dev]]+Tableau3[[#This Row],[HJ Analyse et test]] -> 0
B19: E007 | C19: Fiche démarrage | D19: Fonctionnelle | E19: SF-Fonctionnelle | F19: Commerciale | G19: Génération des fiches de démarrage au lancement e l'OF | I19: la solution permet le contrôle de la qualité produit et process , comprenant les fonctionnalités : - Configuration des critères de contrôle : Définition des critères de mesure des produits (dimensions, aspects, etc.) Gestion des tolérances et spécifications par critère - Génération automatique des contrôles : Des fiches de contrôle produit au démarrage. -Validation et Traçabilité : Workflow de validation à multi-niveaux des contrôles . Archivage des résultats de contrôle | K19: Validée | P19: =[1]!Tableau32[[#This Row],[HJ Dev]]*(25%+25%) -> #REF! | Q19: =[1]!Tableau32[[#This Row],[HJ Analyse et test]]+[1]!Tableau32[[#This Row],[HJ Dev]] -> #REF! | R19: =[1]!Tableau32[[#This Row],[Total HJ]]*8 -> #REF! | Z19: Mahdi B. | AA19: Non validée par client | AB19: 0 | AC19: =Tableau3[[#This Row],[HJ Dev]]*(50%+25%) -> 0 | AD19: =Tableau3[[#This Row],[HJ Dev]]+Tableau3[[#This Row],[HJ Analyse et test]] -> 0
B20: E008 | C20: Instruction de travail par référence produit | D20: Fonctionnelle | E20: SF-Fonctionnelle | F20: Commerciale | G20: Chargement , affectation et visualisions des fiches d'instruction par produits | I20: La solution offre un module "Instruction de travail" qui permet : -Chargement : Importation des fichiers d'instructions. - Catégorisation : Classification par processus qualité, maintenance ou production. -Affectation : Attribution des instructions par ligne et produit. - Gestion des Versions : Centralisation et gestion du versionnage des documents. -Accessibilité : Accès en temps réel aux instructions pour les opérateurs et l'équipe qualité à partir de l'OF. | K20: Validée | P20: =[1]!Tableau32[[#This Row],[HJ Dev]]*(25%+25%) -> #REF! | Q20: =[1]!Tableau32[[#This Row],[HJ Analyse et test]]+[1]!Tableau32[[#This Row],[HJ Dev]] -> #REF! | R20: =[1]!Tableau32[[#This Row],[Total HJ]]*8 -> #REF! | Z20: Mahdi B. | AA20: Non validée par client | AB20: 0 | AC20: =Tableau3[[#This Row],[HJ Dev]]*(50%+25%) -> 0 | AD20: =Tableau3[[#This Row],[HJ Dev]]+Tableau3[[#This Row],[HJ Analyse et test]] -> 0
B21: E009 | C21: Suivi de la qualité : Fiche d'auto-contrôle | D21: Fonctionnelle | E21: SF-Fonctionnelle | F21: Commerciale | G21: Digitaliser la génération et le remplissage des fiches de contrôle par OF et par fréquence configurable | I21: La solution permet de : - Configurer les fréquences des contrôle par produit et par critère, avec des notifications automatiques envoyées aux équipes de qualité . - Générer automatiquement des fiches de suivi sous forme de check-lists, basées sur des critères qualité définis pour chaque bobine, avec les résultats (conforme/non conforme) et les valeurs associées. - Afficher des instructions pour les inspections à réaliser et suivre un workflow de validation des fiches de suivi. - Historiser et suivre toutes les fiches de suivi pour assurer une traçabilité complète. | K21: Validée | P21: =[1]!Tableau32[[#This Row],[HJ Dev]]*(25%+25%) -> #REF! | Q21: =[1]!Tableau32[[#This Row],[HJ Analyse et test]]+[1]!Tableau32[[#This Row],[HJ Dev]] -> #REF! | R21: =[1]!Tableau32[[#This Row],[Total HJ]]*8 -> #REF! | Z21: Mahdi B. | AA21: Non validée par client | AB21: 2 | AC21: =Tableau3[[#This Row],[HJ Dev]]*(50%+25%) -> 1.5 | AD21: =Tableau3[[#This Row],[HJ Dev]]+Tableau3[[#This Row],[HJ Analyse et test]] -> 3.5
B22: E010 | C22: Récupération du poids et du métrage des bobines à partir des balances | D22: Fonctionnelle | E22: SF-Fonctionnelle | F22: Commerciale | G22: Récupération du poids et du métrage des bobines à partir des balances | I22: Récupération automatique des données : Intégration avec la balance pour récupérer automatiquement le poids et le mètre linéaire de chaque bobine produite. | J22: Hypothèse : Ces infomations seront récupérées à partir d'un fichier sur le serveur. | K22: Validée | P22: =[1]!Tableau32[[#This Row],[HJ Dev]]*(25%+25%) -> #REF! | Q22: =[1]!Tableau32[[#This Row],[HJ Analyse et test]]+[1]!Tableau32[[#This Row],[HJ Dev]] -> #REF! | R22: =[1]!Tableau32[[#This Row],[Total HJ]]*8 -> #REF! | Z22: Mahdi B. | AA22: Non validée par client | AB22: 8 | AC22: =Tableau3[[#This Row],[HJ Dev]]*(50%+25%) -> 6 | AD22: =Tableau3[[#This Row],[HJ Dev]]+Tableau3[[#This Row],[HJ Analyse et test]] -> 14
B23: E011 | C23: Fiche Machine : Déclaration de production en utilisant plusieurs unités ( par bobine - par palette ) | D23: Fonctionnelle | E23: SF-Fonctionnelle | F23: Commerciale | G23: Déclaration des quantités produite et non-conforme en Kg, en mètre et en pièces (pour les sleeveuses) par bobine et par palette. | I23: La solution proposée permettra de : - Suivi de la consommation de la bobine mère : Tracer la consommation de la bobine mère en temps réel, avec possibilité d'ajouter une nouvelle bobine mère en cours de production. L'opérateur doit saisir la référence et les informations relatives à la bobine mère avant de commencer la production. - Enregistrer automatiquement les quantités (selon les unités du produits) récupérées via la balance pour chaque bobine produite. - Contrôle du métrage pour s'assurer que le métrage récupéré ne soit pas inférieur au métrage exigé, tel que défini dans la configuration du produit. - Génération automatique des palettes au démarrage de production - Déclaration des non-conformités par bobine, avec un suivi des défauts qualité et du lieu de détection - Gestion des restes des bobines en allouant les restes non consommés de la bobine mère pour le shift suivant. | K23: Validée | P23: =[1]!Tableau32[[#This Row],[HJ Dev]]*(25%+25%) -> #REF! | Q23: =[1]!Tableau32[[#This Row],[HJ Analyse et test]]+[1]!Tableau32[[#This Row],[HJ Dev]] -> #REF! | R23: =[1]!Tableau32[[#This Row],[Total HJ]]*8 -> #REF! | Z23: Mahdi B. | AA23: Non validée par client | AB23: 30 | AC23: =Tableau3[[#This Row],[HJ Dev]]*(50%+25%) -> 22.5 | AD23: =Tableau3[[#This Row],[HJ Dev]]+Tableau3[[#This Row],[HJ Analyse et test]] -> 52.5
B24: E012 | C24: Génération et impression des étiquette pour les palettes | D24: Fonctionnelle | E24: SF-Fonctionnelle | F24: Commerciale | G24: Génération et impression d'étiquettes automatique à la fermeture de palette | I24: Une fois qu'une palette est clôturée, la solution génère automatiquement une étiquette contenant les informations essentielles (Code à barre , code produit, poids, mètre linéaire, etc.). | K24: Validée | P24: =[1]!Tableau32[[#This Row],[HJ Dev]]*(25%+25%) -> #REF! | Q24: =[1]!Tableau32[[#This Row],[HJ Analyse et test]]+[1]!Tableau32[[#This Row],[HJ Dev]] -> #REF! | R24: =[1]!Tableau32[[#This Row],[Total HJ]]*8 -> #REF! | Z24: Mahdi B. | AA24: Non validée par client | AB24: 4 | AC24: =Tableau3[[#This Row],[HJ Dev]]*(50%+25%) -> 3 | AD24: =Tableau3[[#This Row],[HJ Dev]]+Tableau3[[#This Row],[HJ Analyse et test]] -> 7
B25: E013 | C25: Suivi de la production et qualité en utilisant plusieurs unités | D25: Fonctionnelle | E25: SF-Fonctionnelle | F25: Commerciale | G25: Suivi et historisation de la production et qualité par poids et mètre linéaire | I25: La solution permet de suivre et d'historiser la production et la qualité par OF, par shift, et par bobine. Des colonnes supplémentaires sont proposées pour afficher les quantités en poids et en mètres linéaires. | K25: Validée | P25: =[1]!Tableau32[[#This Row],[HJ Dev]]*(25%+25%) -> #REF! | Q25: =[1]!Tableau32[[#This Row],[HJ Analyse et test]]+[1]!Tableau32[[#This Row],[HJ Dev]] -> #REF! | R25: =[1]!Tableau32[[#This Row],[Total HJ]]*8 -> #REF! | Z25: Mahdi B. | AA25: Non validée par client | AB25: 3 | AC25: =Tableau3[[#This Row],[HJ Dev]]*(50%+25%) -> 2.25 | AD25: =Tableau3[[#This Row],[HJ Dev]]+Tableau3[[#This Row],[HJ Analyse et test]] -> 5.25
B26: E014 | C26: Gestion des Rework | D26: Fonctionnelle | E26: SF-Fonctionnelle | F26: Commerciale | G26: Génération automatique d'ordres de Rework | I26: La solution proposée permet de génèrer automatiquement des OF de Rework avec le même code OF dès la déclaration d'un incident de qualité nécessitant un traitement. Les OF de rework seront marqués pour les identifier. | K26: Validée | P26: =[1]!Tableau32[[#This Row],[HJ Dev]]*(25%+25%) -> #REF! | Q26: =[1]!Tableau32[[#This Row],[HJ Analyse et test]]+[1]!Tableau32[[#This Row],[HJ Dev]] -> #REF! | R26: =[1]!Tableau32[[#This Row],[Total HJ]]*8 -> #REF! | Z26: Mahdi B. | AA26: Non validée par client | AB26: 4 | AC26: =Tableau3[[#This Row],[HJ Dev]]*(50%+25%) -> 3 | AD26: =Tableau3[[#This Row],[HJ Dev]]+Tableau3[[#This Row],[HJ Analyse et test]] -> 7
B27: E015 | C27: Fiche de libération | D27: Fonctionnelle | E27: SF-Fonctionnelle | F27: Commerciale | G27: Génération automatique de la fiche de libération par palette | I27: La solution permet de générer automatiquement une fiche de libération à la clôture d'une palette, afin de la valider. Cette fiche est présentée sous forme de check-list de contrôle avec des paramètres configurables. De plus, la solution intègre un workflow de validation et assure une historisation complète des fiches. | K27: Validée | P27: =[1]!Tableau32[[#This Row],[HJ Dev]]*(25%+25%) -> #REF! | Q27: =[1]!Tableau32[[#This Row],[HJ Analyse et test]]+[1]!Tableau32[[#This Row],[HJ Dev]] -> #REF! | R27: =[1]!Tableau32[[#This Row],[Total HJ]]*8 -> #REF! | Z27: Mahdi B. | AA27: Non validée par client | AB27: 5 | AC27: =Tableau3[[#This Row],[HJ Dev]]*(50%+25%) -> 3.75 | AD27: =Tableau3[[#This Row],[HJ Dev]]+Tableau3[[#This Row],[HJ Analyse et test]] -> 8.75
B28: E016 | C28: Écriture vers Sage X3 par Palette | D28: Fonctionnelle | E28: SF-Fonctionnelle | F28: Commerciale | G28: Retour des données des OF vers sage X3 | I28: La solution permet d'automatiser le retour des données des OF vers Sage X3 via webservices , les données envoyées inclut la quantité produite en poids et en mètres linéaires . | J28: Cette adaptation nécessite la collaboration avec l'intégrateur ERP de client . | K28: Validée | P28: =[1]!Tableau32[[#This Row],[HJ Dev]]*(25%+25%) -> #REF! | Q28: =[1]!Tableau32[[#This Row],[HJ Analyse et test]]+[1]!Tableau32[[#This Row],[HJ Dev]] -> #REF! | R28: =[1]!Tableau32[[#This Row],[Total HJ]]*8 -> #REF! | Z28: Mahdi B. | AA28: Non validée par client | AB28: 5 | AC28: =Tableau3[[#This Row],[HJ Dev]]*(50%+25%) -> 3.75 | AD28: =Tableau3[[#This Row],[HJ Dev]]+Tableau3[[#This Row],[HJ Analyse et test]] -> 8.75
B29: E017 | C29: Gestion et suivi des arrêts | D29: Fonctionnelle | E29: SF-Fonctionnelle | F29: Commerciale | G29: Suivi des arrêts de production | I29: La solution permet d'arrêter manuellement la production, en précisant les causes d'arrêt configurées. Elle offre un suivi détaillé de la durée d'arrêt et de l'occurrence des différentes causes. | K29: Validée | P29: =[1]!Tableau32[[#This Row],[HJ Dev]]*(25%+25%) -> #REF! | Q29: =[1]!Tableau32[[#This Row],[HJ Analyse et test]]+[1]!Tableau32[[#This Row],[HJ Dev]] -> #REF! | R29: =[1]!Tableau32[[#This Row],[Total HJ]]*8 -> #REF! | Z29: Mahdi B. | AA29: Non validée par client | AB29: 0 | AC29: =Tableau3[[#This Row],[HJ Dev]]*(50%+25%) -> 0 | AD29: =Tableau3[[#This Row],[HJ Dev]]+Tableau3[[#This Row],[HJ Analyse et test]] -> 0
B30: E018 | C30: Gestion des fiches de passation | D30: Fonctionnelle | E30: SF-Fonctionnelle | F30: Commerciale | G30: Gérer le changement de responsabilité en utilisant les fiches de passation | I30: La solution permet de générer automatiquement des fiches de passation contenant toutes les informations relatives au shift. La validation de ces fiches est nécessaire pour contrôler le changement de responsabilité. | P30: =[1]!Tableau32[[#This Row],[HJ Dev]]*(25%+25%) -> #REF! | Q30: =[1]!Tableau32[[#This Row],[HJ Analyse et test]]+[1]!Tableau32[[#This Row],[HJ Dev]] -> #REF! | R30: =[1]!Tableau32[[#This Row],[Total HJ]]*8 -> #REF! | AB30: 5 | AC30: =Tableau3[[#This Row],[HJ Dev]]*(50%+25%) -> 3.75 | AD30: =Tableau3[[#This Row],[HJ Dev]]+Tableau3[[#This Row],[HJ Analyse et test]] -> 8.75
B31: E019 | C31: Suivi de la production en temps réel | D31: Fonctionnelle | E31: SF-Fonctionnelle | F31: Commerciale | G31: Suivi en temps réel des KPIs , des durées d'arrêts et des quantités en poids et en mètre linéaire | H31: Suivi en temps réel des KPIs et des quantités par poids et par mètre linéaire | I31: La solution offre une supervision de production en temps réel avec le module "Vue 360°" permettant de : • Visualiser l'état des lignes en temps réel avec codification couleur paramétrable. •Suivie des indicateurs clés de performance (KPI): TRS équipe et OF ,Taux de performance, disponibilité et qualité •Suivre la progression des OF. •Analyser des arrêts: Durées, causes et nombre d'occurrences. •Visualiser la production et non-conformité en temps réel: Production totale et horaire par équipe , Non-conformité totale et horaire par équipe avec catégorisation par défaut qualité. Adaptation : ajouter l'option de visualiser la progression de l'OF , la quantité totale produite , la non conformité en poids et en métrage. | K31: Validée | P31: =[1]!Tableau32[[#This Row],[HJ Dev]]*(25%+25%) -> #REF! | Q31: =[1]!Tableau32[[#This Row],[HJ Analyse et test]]+[1]!Tableau32[[#This Row],[HJ Dev]] -> #REF! | R31: =[1]!Tableau32[[#This Row],[Total HJ]]*8 -> #REF! | Z31: Mahdi B. | AA31: Non validée par client | AB31: 8 | AC31: =Tableau3[[#This Row],[HJ Dev]]*(50%+25%) -> 6 | AD31: =Tableau3[[#This Row],[HJ Dev]]+Tableau3[[#This Row],[HJ Analyse et test]] -> 14
B32: E020 | C32: Tableau de bord qualité | D32: Fonctionnelle | E32: SF-Fonctionnelle | F32: Commerciale | G32: Analyse des données historique de la qualité en poids et en mètre linéaire : Rebut et Rework | I32: La solution offre un tableau de bord qualité fournissant une vue multiniveaux de la non-conformité , les défauts et leurs occurrence , un Pareto des défaut Adaptation : -Ajouter l'option de visualiser les quantités non conforme en poids et en métrage - Ajouter un chart pour visualiser le taux de Rework par poids et par mètre linéaire | K32: Validée | P32: =[1]!Tableau32[[#This Row],[HJ Dev]]*(25%+25%) -> #REF! | Q32: =[1]!Tableau32[[#This Row],[HJ Analyse et test]]+[1]!Tableau32[[#This Row],[HJ Dev]] -> #REF! | R32: =[1]!Tableau32[[#This Row],[Total HJ]]*8 -> #REF! | Z32: Mahdi B. | AA32: Non validée par client | AB32: 5 | AC32: =Tableau3[[#This Row],[HJ Dev]]*(50%+25%) -> 3.75 | AD32: =Tableau3[[#This Row],[HJ Dev]]+Tableau3[[#This Row],[HJ Analyse et test]] -> 8.75
B33: E021 | C33: Tableau de bord général | D33: Fonctionnelle | E33: SF-Fonctionnelle | F33: Commerciale | G33: Analyser l'évolution des indicateurs clés au cours du temps des lignes de production . | I33: la solution offre un tableau de bord fournissant une vue multi-niveaux de la production en utilisant des indicateurs clés : TRS, Quantité produite vs Quantité planifiée, Temps d'arrêt vs temps de production, etc. Adaptation : Ajouter l'option de visualiser les indicateurs en poids et en mètre linéaires | K33: Validée | P33: =[1]!Tableau32[[#This Row],[HJ Dev]]*(25%+25%) -> #REF! | Q33: =[1]!Tableau32[[#This Row],[HJ Analyse et test]]+[1]!Tableau32[[#This Row],[HJ Dev]] -> #REF! | R33: =[1]!Tableau32[[#This Row],[Total HJ]]*8 -> #REF! | Z33: Mahdi B. | AA33: Non validée par client | AB33: 5 | AC33: =Tableau3[[#This Row],[HJ Dev]]*(50%+25%) -> 3.75 | AD33: =Tableau3[[#This Row],[HJ Dev]]+Tableau3[[#This Row],[HJ Analyse et test]] -> 8.75
AB34: =SUBTOTAL(109,AB13:AB33) -> 97 | AC34: =SUBTOTAL(109,AC13:AC33) -> 72.75 | AD34: =SUBTOTAL(109,AD13:AD33) -> 169.75

Sheet Modifs Doc
B3: Gestion Exigences Projet
B5: ='Gestion Exigences'!C5 -> Client | C5: ='Gestion Exigences'!D5 -> COGITEL
B6: ='Gestion Exigences'!C6 -> Projet | C6: ='Gestion Exigences'!D6 -> Digitalisation Atelier Découpe
B7: ='Gestion Exigences'!C7 -> Réf BPA du Devis | C7: ='Gestion Exigences'!D7 -> 0
B8: ='Gestion Exigences'!C8 -> Réf BPA du Projet | C8: ='Gestion Exigences'!D8 -> 0
B9: ='Gestion Exigences'!C9 -> Réf Modèle Document | C9: ='Gestion Exigences'!D9 -> MD203
B10: ='Gestion Exigences'!C10 -> Version Modèle Document | C10: ='Gestion Exigences'!D10 -> V1.5
B13: Version | C13: Date | D13: Modifications | E13: Auteur(s) | F13: Vérificateur(s) | G13: Approbateur
B14: V1.0 | C14: 44741 | D14: Version interne (envoyée et validée par client) | E14: Nihel K. | F14: Amani S. | G14: Imed A.
B15: V1.1 | C15: 44978 | D15: Mise à jour des exigences après la visite du 15/17 février | E15: Nihel K. | F15: Mahdi B. | G15: Imed A.
B16: V1.2 | C16: 45021 | D16: Mise à jour des exigences : •Mise à jour des HJ des exigences •Rajout des nouvelles demandes au niveau de la fiche qualité "E019--E024" •Supprimer l'exigence E008 | E16: Nihel K. | F16: Mahdi B. + Ferjania B. | G16: Imed A.

Sheet Params
B2: Nature | C2: Exigence identifiée pendant la phase | D2: Source | E2: Oui/Non | F2: Statut Client | G2: Statut Interne | H2: Catégorie | I2: Type de la solution
B3: Fonctionnelle | C3: Commerciale | D3: CdC client | E3: Oui | F3: Validée par le client | G3: Validée | H3: *** SE | I3: Standard
B4: Performance | C4: Conception | D4: Workshop/réunion client | E4: Non | F4: Non validée par client | G4: Non validée | H4: SE-Processus | I4: Adaptaion
B5: Reglementaire | C5: Réalisation | D5: Workshop/réunion Interne | E5: N/A | H5: SE-Mécanique
B6: Sécurité | C6: Mise en œuvre | D6: Standards client | H6: SE-Electrique
B7: Standard Client | C7: Support et maintenance | D7: Standards ADDIXO | H7: SE-Soft
B8: Standard ADDIXO | D8: Reglementation | H8: SE-Auto
D9: Demande modification | H9: SE-Fabrication
H10: SE-Intégration
H11: SE-Achats
H13: *** SF
H14: SF-Processus
H15: SF-Fonctionnelle
H16: SF-Connectivité Machine
H17: SF-Intégration SI
H18: SF-Software
H19: SF-Infra IT
H21: *** TC
H22: TC-Prestations sur site client
