Workbook

Sheet Gestion Exigences
B2: Gestion Exigences Projet | O2: Chiffrage Réalisation (SF only) | R2: Revue et Vérification Pendant la Conception
B4: BU | D4: SF
B5: Client | D5: PEC - Hydrex
B6: Projet | D6: Portail Client
B7: Réf BPA du Devis | E7: S0-00xyz
B8: Réf BPA du Projet | E8: PR-22-0xyz
B10: Réf Modèle Document | E10: MD203 | J10: Confidentiel | Usage Client Limité
B11: Version Modèle Document | E11: V1.5
B13: Id | C13: Objectif client | D13: Intitulé Exigence | E13: Option | F13: Nature | G13: Catégorie | H13: Exigence idenfiée pendant la phase | I13: Description de l'exigence | J13: Source | K13: Desciption de la solution MOMSOFT | L13: Ecart entre exigence client et la solution proposée - préciser aussi les limites et hypothèses si applicable | M13: Validation Interne | N13: Validation Interne par: | O13: Statut Client | P13: HJ Dev | Q13: HJ Analyse et Test | R13: Total HJ | S13: Description comment la conception de la solution prend en compte l'exigence client | T13: Conception réalisée par: | U13: Revue conception réalisée par | V13: Vérification de la conception réalisée par | W13: Preuve de vérification | X13: Notes
B14: E001 | C14: Administration de l'application | D14: Configuration | E14: Non | F14: Fonctionnelle | G14: SF-Fonctionnelle | H14: Commerciale | I14: Créer des comptes pour les utilisateurs internes et les clients. | J14: CdC client | K14: Configuration : • Ajout, modification et suppression des utilisateurs internes (Admin, commerciaux, assistant commerciaux). • Ajout, modification et suppression des clients : Le client reçoit un mail contenant un lien à partir du quel il peut définir son mot de passe. • Affectation Client au commerciaux et aux assistants commerciaux •Matrice des rôles | P14: 3.5 | Q14: =Tableau3[[#This Row],[HJ Dev]]*(25%+25%) -> 1.75
B15: E003 | C15: Permettre aux clients de suivre les commandes | D15: Intégration des commandes | E15: Non | F15: Fonctionnelle | G15: SF-Fonctionnelle | H15: Commerciale | I15: Utiliser les API de Sage X3 pour synchroniser automatiquement les données à fréquence définie. | J15: CdC client | K15: API Intégration des commandes : • Lire les données des commandes à partir de Sage X3 via webservice selon une fréquence prédéfinie ou à la demande. • Stocker les commandes dans la base de données Smart Factory. • Acquérir les données des bons de livraison et les factures à partir de Sage X3. • Acquérir les données du stock à partir de Sage X3. (Option) | L15: Cette exigence nécéssite une collaboration entre l'équipe MOMSOFT et l'équipe Sage X3. Le nombre exact de webservice est à définir au cours du workshop. | P15: =3+2+2+2+9 -> 18 | Q15: =Tableau3[[#This Row],[HJ Dev]]*(25%+25%) -> 9 | R15: =Tableau3[[#This Row],[HJ Analyse et Test]]+Tableau3[[#This Row],[HJ Dev]] -> 27 | X15: Inclut la partie interfaçage avec X3
B16: E004 | C16: Permettre aux clients de suivre les commandes | D16: Affichage des commandes en cours | E16: Non | F16: Fonctionnelle | G16: SF-Fonctionnelle | H16: Commerciale | I16: Afficher les commandes avec leur statut (validée, expédiée, livrée), intégrées depuis Sage X3. | J16: CdC client | K16: Interface Suivi des commandes : • Afficher les données des commandes notamment le Numéro commande, date, article, statut, quantité.. •Tri et recherche multicritère | P16: 1 | Q16: =Tableau3[[#This Row],[HJ Dev]]*(25%+25%) -> 0.5 | R16: =Tableau3[[#This Row],[HJ Analyse et Test]]+Tableau3[[#This Row],[HJ Dev]] -> 1.5
B17: E005 | C17: Permettre aux clients d'accéder aux documents de commande | D17: Visualisation des bons de livraison et factures | E17: Non | F17: Fonctionnelle | G17: SF-Fonctionnelle | H17: Commerciale | I17: Permettre la visualisation et le téléchargement en PDF des bons de livraison et factures. | J17: CdC client | K17: Interface Suivi des commandes : • Visualiser les bons de livraison et les factures. • Télecharger les bons de livraison et les factures. --> Pour les commandes livrées | P17: =1+1.5+1.5+1.5+1.5 -> 7 | Q17: =Tableau3[[#This Row],[HJ Dev]]*(25%+25%) -> 3.5 | R17: =Tableau3[[#This Row],[HJ Analyse et Test]]+Tableau3[[#This Row],[HJ Dev]] -> 10.5
B18: E006 | C18: Informer les clients sur les délais de livraison | D18: Délais prévisionnels des commandes | E18: Non | F18: Fonctionnelle | G18: SF-Fonctionnelle | H18: Commerciale | I18: Afficher les délais prévisionnels à partir des données historiques de livraison extraites de Sage X3. | J18: CdC client | K18: Interface Suivi des commandes : • Afficher une estimation des délais prévisonnels par client, Produit, Famille de produit, Type de commande .. Cette estimation s'appuie sur ces données lues de Sage X3 • Délai d'expédition • Réceptions prévues des commandes non soldées | P18: 1 | Q18: =Tableau3[[#This Row],[HJ Dev]]*(25%+25%) -> 0.5 | R18: =Tableau3[[#This Row],[HJ Analyse et Test]]+Tableau3[[#This Row],[HJ Dev]] -> 1.5
B19: E007 | C19: Informer les clients sur les ruptures de stock | D19: Suivi des produits en rupture | E19: Non | F19: Fonctionnelle | G19: SF-Fonctionnelle | H19: Commerciale | I19: Afficher une liste des produits en rupture, avec cause, alternatives proposées et date estimée de réapprovisionnement. | J19: CdC client | K19: Interface stock en rupture (Côté fournisseur): • Définir les produits en rupture de stock. • Définir les alternatives pour chaque produit. • Préciser la date estimée de réapprovisionnement. Interface stock en rupture (Côté client): • Consulter les produits en rupture, alternatives et date estimée de réapprovisionnement. •Tri et recherche multicritère | P19: =1 -> 1 | Q19: =Tableau3[[#This Row],[HJ Dev]]*(25%+25%) -> 0.5 | R19: =Tableau3[[#This Row],[HJ Analyse et Test]]+Tableau3[[#This Row],[HJ Dev]] -> 1.5
B20: E009 | C20: Consulter les stocks disponibles | D20: Consultation de stock en temps réel | E20: Non | F20: Fonctionnelle | G20: SF-Fonctionnelle | H20: Commerciale | I20: Consultation des stocks et des arrivages à venir via Sage X3 pour les clients premium. | J20: CdC client | K20: Configuration : • Dans la création des clients, permettre de choisir les clients Premuim. Interface suivi du stock : • Permettre l'accès à la table Suivi de stock pour les clients Premuim. • Permettre la consultation des arrivages à venir pour les clients Premuim. | L20: Hypothèse : A la mise à jour du stock sur Sage X3, l'information est communiqué à Smart Factory | P20: 2 | Q20: =Tableau3[[#This Row],[HJ Dev]]*(25%+25%) -> 1 | R20: =Tableau3[[#This Row],[HJ Analyse et Test]]+Tableau3[[#This Row],[HJ Dev]] -> 3
B21: E010 | C21: Faciliter l’analyse des données | D21: Export des données | E21: Non | F21: Fonctionnelle | G21: SF-Fonctionnelle | H21: Commerciale | I21: Permettre l’export des données visibles dans le portail en formats CSV/Excel. | J21: CdC client | K21: Export des données : • Ajout des boutons d'export de données dans l'interface Suivi de commandes. • Ajout des boutons d'export de données dans les interface suivi de stock • L'export de données s'effectue sous format Excel/Csv en fonction des filtres sélectionnés dans l'interfaces. | P21: 1 | Q21: =Tableau3[[#This Row],[HJ Dev]]*(25%+25%) -> 0.5 | R21: =Tableau3[[#This Row],[HJ Analyse et Test]]+Tableau3[[#This Row],[HJ Dev]] -> 1.5
B22: E011 | C22: Avoir une vue synthétique personnalisée | D22: Tableau de bord client | E22: Non | F22: Fonctionnelle | G22: SF-Fonctionnelle | H22: Commerciale | I22: Offrir un tableau de bord avec widgets paramétrables : graphiques de suivi, alertes, etc. | J22: CdC client | K22: Tableau de bord : • Suivi des commandes en cours. •KPI des commandes (5 / 6) •Tri et recherche multicritère Exemple : Nombre de commande en cours, Nombre de commande en cours, | P22: 4 | Q22: =Tableau3[[#This Row],[HJ Dev]]*(25%+25%) -> 2 | R22: =Tableau3[[#This Row],[HJ Analyse et Test]]+Tableau3[[#This Row],[HJ Dev]] -> 6
B23: E012 | C23: Améliorer la communication avec Hydrex | D23: Messagerie interne sécurisée (OPTION) | E23: Oui | F23: Fonctionnelle | G23: SF-Fonctionnelle | H23: Commerciale | I23: Proposer une messagerie interne pour échanger avec le service commercial. | J23: CdC client | K23: Messagerie Interne : • Le client peut communiquer avec le service commercial directement via l'application. • Le client peut envoyer un message direct pour l'assistant commercial lui est attaché. • L'assistant commercial reçoit une notification browser. • L'assistant commercial reçoit un mail après X temps s'il n'a pas répondu au message client. • L'assistant commercial peut répondre directement aux clients. • Les clients reçoivent une notification browser. • Le client reçoit un mail après X temps s'il n'a pas répondu au message client. • Le client a un accès à un bouton qui affiche le numéro et l'e-mail du commercial. • L'historique de discussion est sauvgardé dans la base de données sécurisée de Smart Factory. | L23: Chaque Client est rattaché à un commercial et à un assistant commercial deux boutons •contacter assistant : chat •contacter commercial : mail / Téléphone Historique discussion une année | P23: 26 | Q23: =Tableau3[[#This Row],[HJ Dev]]*(25%+25%) -> 13 | R23: =Tableau3[[#This Row],[HJ Analyse et Test]]+Tableau3[[#This Row],[HJ Dev]] -> 39
B24: E013 | C24: Obtenir rapidement des devis | D24: Formulaire de demande de devis (OPTION) | E24: Oui | F24: Fonctionnelle | G24: SF-Fonctionnelle | H24: Commerciale | I24: Intégrer un formulaire pour soumettre des demandes de devis. | J24: CdC client | K24: Interface suivi des devis : • Dans l'interface Devis, le client peut créer une demande de devis. • Le commercial et l'assistant commercial reçoient cette demande et peut la consulter dans l'interface Devis. • Le commercial peut gérer le statut du devis. | P24: 2 | Q24: =Tableau3[[#This Row],[HJ Dev]]*(25%+25%) -> 1 | R24: =Tableau3[[#This Row],[HJ Analyse et Test]]+Tableau3[[#This Row],[HJ Dev]] -> 3
B25: E014 | C25: Gérer les réclamations efficacement | D25: Système de tickets (OPTION) | E25: Oui | F25: Fonctionnelle | G25: SF-Fonctionnelle | H25: Commerciale | I25: Permettre aux clients de soumettre des réclamations via un système de tickets. | J25: CdC client | K25: Interface réclamations : • Le client peut créer des réclamations. • L'équipe commercial reçoit une notification de réclamation. • L'équipe commercial peut consulter les réclamations. • L'équipe commercial peut envoyer un rapport des causes et des actions pour le client. • Le client peut consulter l'avancement de la réclamation. | P25: 3 | Q25: =Tableau3[[#This Row],[HJ Dev]]*(25%+25%) -> 1.5 | R25: =Tableau3[[#This Row],[HJ Analyse et Test]]+Tableau3[[#This Row],[HJ Dev]] -> 4.5
B26: E015 | C26: Optimiser les commandes | D26: Module de suggestion de commande (OPTIONNEL) | E26: Oui | F26: Fonctionnelle | G26: SF-Fonctionnelle | H26: Commerciale | I26: Proposer des suggestions d’articles à commander basées sur l’historique du client. | J26: CdC client | K26: Interface suivi des commandes : Ajouter un champ période et un bouton Simulation des commandes qui génère une prédication des commandes de la période sélectionnée | P26: 16.5 | Q26: =Tableau3[[#This Row],[HJ Dev]]*(25%+25%) -> 8.25 | R26: =Tableau3[[#This Row],[HJ Analyse et Test]]+Tableau3[[#This Row],[HJ Dev]] -> 24.75
B27: E016 | C27: Assurer la sécurité des données | D27: Authentification à 2 facteurs | E27: Non | F27: Sécurité | G27: SF-Fonctionnelle | H27: Commerciale | I27: Authentification via SMS ou email à chaque connexion. | J27: CdC client | K27: Authentification : • Authentification à deux facteurs via email. • Après introduction du Login et du Mot de passe, le client reçoit un e-mail contenant un OTP. • Le client introduit l'OTP afin d'accéder à l'application. • Les utilisateurs internes de l'application peuvent accéder sans doubles authentification. | L27: Pas d'authentification via SMS. Décider sur la méthode d'authentification des utilisateurs internes. | P27: 5 | Q27: =Tableau3[[#This Row],[HJ Dev]]*(25%+25%) -> 2.5 | R27: =Tableau3[[#This Row],[HJ Analyse et Test]]+Tableau3[[#This Row],[HJ Dev]] -> 7.5
B28: E017 | C28: Garantir la confidentialité des échanges | D28: Chiffrement SSL/TLS | E28: Non | F28: Sécurité | G28: SF-Intégration SI | H28: Commerciale | I28: Chiffrement des données via SSL/TLS 1.3 ou supérieur. | J28: CdC client | K28: Sécurité : • Les données sont chiffrées via SSL/TLS 1.3 ou supérieur. | P28: 3 | Q28: =Tableau3[[#This Row],[HJ Dev]]*(25%+25%) -> 1.5 | R28: =Tableau3[[#This Row],[HJ Analyse et Test]]+Tableau3[[#This Row],[HJ Dev]] -> 4.5
R29: =SUBTOTAL(109,Tableau3[Total HJ]) -> 135.75

Sheet E012
B2: Gestion Exigences Projet | O2: Chiffrage Réalisation (SF only) | R2: Revue et Vérification Pendant la Conception
B6: Dicortication de l'exigence
B7: ID | C7: E012
B8: Intitulée | C8: Messagerie interne
B12: Id | C12: Description | D12: Frontend / backend | E12: Nature | F12: Catégorie | G12: Exigence idenfiée pendant la phase | H12: Description de l'exigence | I12: Source | J12: Desciption de la solution MOMSOFT | K12: Ecart entre exigence client et la solution proposée - préciser aussi les limites et hypothèses si applicable | L12: Validation Interne | M12: Validation Interne par: | N12: Statut Client | O12: HJ Dev | P12: HJ Analyse et Test | Q12: Total HJ | R12: Description comment la conception de la solution prend en compte l'exigence client | S12: Conception réalisée par: | T12: Revue conception réalisée par | U12: Vérification de la conception réalisée par | V12: Preuve de vérification | W12: Notes
B13: E012.01 | C13: start converstaion pop up | D13: Frontend | E13: Fonctionnelle | F13: SF-Fonctionnelle | G13: Commerciale | H13: Créer des comptes pour les utilisateurs internes et les clients. | I13: CdC client | J13: Configuration : • Ajout, modification et suppression des utilisateurs internes (Admin, commerciaux, assistant commerciaux). • Ajout, modification et suppression des clients : Le client reçoit un mail contenant un lien à partir du quel il peut définir son mot de passe. • Affectation Client au commerciaux et aux assistants commerciaux •Matrice des rôles | O13: 0.25 | P13: =O13*(25%+25%) -> 0.125 | Q13: =O13+P13 -> 0.375
B14: E012.02 | C14: get all conversations ( conv list with pagination scroll to paginate ) | D14: Frontend | E14: Fonctionnelle | F14: SF-Fonctionnelle | G14: Commerciale | H14: Utiliser les API de Sage X3 pour synchroniser automatiquement les données à fréquence définie. | I14: CdC client | J14: API Intégration des commandes : • Lire les données des commandes à partir de Sage X3 via webservice selon une fréquence prédéfinie ou à la demande. • Stocker les commandes dans la base de données Smart Factory. • Acquérir les données des bons de livraison et les factures à partir de Sage X3. • Acquérir les données du stock à partir de Sage X3. (Option) | O14: 1 | P14: =O14*(25%+25%) -> 0.5 | Q14: =O14+P14 -> 1.5
B15: E012.03 | C15: get messages by conversation id ( with paginatin scroll to paginate ) | D15: Frontend | E15: Fonctionnelle | F15: SF-Fonctionnelle | G15: Commerciale | O15: 0.75 | P15: =O15*(25%+25%) -> 0.375 | Q15: =O15+P15 -> 1.125
B16: E012.04 | C16: send message | D16: Frontend | E16: Fonctionnelle | F16: SF-Fonctionnelle | G16: Commerciale | O16: 0.25 | P16: =O16*(25%+25%) -> 0.125 | Q16: =O16+P16 -> 0.375
B17: E012.05 | C17: send message with attachment | D17: Frontend | E17: Fonctionnelle | F17: SF-Fonctionnelle | G17: Commerciale | O17: 0.75 | P17: =O17*(25%+25%) -> 0.375 | Q17: =O17+P17 -> 1.125
B18: E012.06 | C18: display selected attchement | D18: Frontend | E18: Fonctionnelle | F18: SF-Fonctionnelle | G18: Commerciale | O18: 1 | P18: =O18*(25%+25%) -> 0.5 | Q18: =O18+P18 -> 1.5
B19: E012.07 | C19: display message attachement | D19: Frontend | E19: Fonctionnelle | F19: SF-Fonctionnelle | G19: Commerciale | O19: 0.25 | P19: =O19*(25%+25%) -> 0.125 | Q19: =O19+P19 -> 0.375
B20: E012.08 | C20: display contact information | D20: Frontend | E20: Fonctionnelle | F20: SF-Fonctionnelle | G20: Commerciale | O20: 0.5 | P20: =O20*(25%+25%) -> 0.25 | Q20: =O20+P20 -> 0.75
B21: E012.09 | C21: list conversation attachments | D21: Frontend | E21: Fonctionnelle | F21: SF-Fonctionnelle | G21: Commerciale | O21: 1.5 | P21: =O21*(25%+25%) -> 0.75 | Q21: =O21+P21 -> 2.25
B22: E012.10 | C22: mark msg as seen | D22: Frontend | E22: Fonctionnelle | F22: SF-Fonctionnelle | G22: Commerciale | O22: 0.5 | P22: =O22*(25%+25%) -> 0.25 | Q22: =O22+P22 -> 0.75
B23: E012.11 | C23: mark all conversation as seen | D23: Frontend | E23: Fonctionnelle | F23: SF-Fonctionnelle | G23: Commerciale | O23: 0.25 | P23: =O23*(25%+25%) -> 0.125 | Q23: =O23+P23 -> 0.375
B24: E012.12 | C24: list notifications | D24: Frontend | E24: Fonctionnelle | F24: SF-Fonctionnelle | G24: Commerciale | O24: 0.75 | P24: =O24*(25%+25%) -> 0.375 | Q24: =O24+P24 -> 1.125
B25: E012.13 | C25: display conversation on the side bar | D25: Frontend | E25: Fonctionnelle | F25: SF-Fonctionnelle | G25: Commerciale | O25: 0.5 | P25: =O25*(25%+25%) -> 0.25 | Q25: =O25+P25 -> 0.75
B26: E012.14 | C26: display messages in side bar | D26: Frontend | E26: Fonctionnelle | F26: SF-Fonctionnelle | G26: Commerciale | O26: 0.25 | P26: =O26*(25%+25%) -> 0.125 | Q26: =O26+P26 -> 0.375
... B38: E012.26 | C38: creation des tables messages , convo , conversations users , seen msgs , msg notif | D38: Backend | E38: Fonctionnelle | F38: SF-Fonctionnelle | G38: Commerciale | O38: 0.75 | P38: =O38*(25%+25%) -> 0.375 | Q38: =O38+P38 -> 1.125
O40: =SUM(O13:O38) -> 25.5 | Q40: =SUM(Q13:Q38) -> 38.25

Sheet Modifs Doc
B3: Gestion Exigences Projet
B5: ='Gestion Exigences'!B5 -> Client | D5: ='Gestion Exigences'!E5 -> 0
B6: ='Gestion Exigences'!B6 -> Projet | D6: ='Gestion Exigences'!E6 -> 0
B7: ='Gestion Exigences'!B7 -> Réf BPA du Devis | D7: ='Gestion Exigences'!E7 -> S0-00xyz
B8: ='Gestion Exigences'!B8 -> Réf BPA du Projet | D8: ='Gestion Exigences'!E8 -> PR-22-0xyz
B10: ='Gestion Exigences'!B10 -> Réf Modèle Document | C10: ='Gestion Exigences'!E10 -> MD203
B11: ='Gestion Exigences'!B11 -> Version Modèle Document | C11: ='Gestion Exigences'!E11 -> V1.5
B13: Version | C13: Date | D13: Modifications | E13: Auteur(s) | F13: Vérificateur(s) | G13: Approbateur
B14: V1.0 | C14: 45342 | D14: Version initiale | E14: Nihel K. | F14: Mahdi B. + Ferjania BA | G14: Imed A.
B15: V1.1 | C15: 45791 | D15: Ajout Colonne Objectif. Mise à jour Design | E15: Mahdi B. | F15: Imed A. | G15: N/A

Sheet Params
B2: BU | C2: Nature | D2: Exigence identifiée pendant la phase | E2: Source | F2: Oui/Non | G2: Statut Client | H2: Statut Interne | I2: Catégorie
B3: SE | C3: Fonctionnelle | D3: Commerciale | E3: CdC client | F3: Oui | G3: Validée par le client | H3: Validée | I3: *** SE
B4: SE-TN | C4: Performance | D4: Conception | E4: Workshop/réunion client | F4: Non | G4: Non validée par client | H4: Non validée | I4: SE-Processus
B5: SE-MA | C5: Reglementaire | D5: Réalisation | E5: Workshop/réunion Interne | F5: N/A | G5: N/A | H5: N/A | I5: SE-Mécanique
B6: SF | C6: Sécurité | D6: Mise en œuvre | E6: Standards client | I6: SE-Electrique
B7: R&D | C7: Standard Client | D7: Support et maintenance | E7: Standards ADDIXO | I7: SE-Soft
B8: LOOYAS | C8: Standard ADDIXO | E8: Reglementation | I8: SE-Auto
B9: A définir | E9: Demande modification | I9: SE-Fabrication
I10: SE-Intégration
I11: SE-Achats
I13: *** SF
I14: SF-Processus
I15: SF-Fonctionnelle
I16: SF-Connectivité Machine
I17: SF-Intégration SI
I18: SF-Software
I19: SF-Infra IT
I21: *** TC
I22: TC-Prestations sur site client
